id_sinistre,annee,mois,date_declaration,code_chantier,nom_chantier,type_travaux,departement,phase_chantier,nature_sinistre,tiers_implique,engin_implique,assureur,montant_declare_fcfa,franchise_fcfa,montant_indemnise_fcfa,delai_declaration_jours,delai_reglement_jours,statut_dossier,responsabilite,type_sinistre,cout_total_fcfa,niveau_risque,tranche_cout
TRC-2022-001,2022,4,2022-04-13,CH-003,ROUTE PARAKOU-N'DALI,TERRASSEMENT,BORGOU,GROS ŒUVRE,CONDUITE EAU ENDOMMAGÉE,SONEB,PELLE HYDRAULIQUE,NSIA BÉNIN,1858000,1016000,0.0,8,0.0,EN EXPERTISE,PORTEO ENTIÈRE,TRC,1016000.0,MOYEN,MOYEN
TRC-2022-002,2022,10,2022-10-19,CH-029,ROUTE COVÈ-ZAGNANADO,TERRASSEMENT,ZOU,GROS ŒUVRE,DOMMAGES PROPRIÉTÉ RIVERAINE,RIVERAIN PARTICULIER,CAMION BENNE,UAB,2780000,1208000,0.0,21,0.0,EN COURS,PORTEO ENTIÈRE,TRC,1208000.0,MOYEN,MOYEN
TRC-2022-003,2022,8,2022-08-07,CH-007,BITUMAGE NATITINGOU-TANGUIÉTA,BITUMAGE,ATACORA,TERRASSEMENT,DOMMAGES PROPRIÉTÉ RIVERAINE,RIVERAIN PARTICULIER,CHARGEUR,NSIA BÉNIN,4284000,984000,2571000.0,20,156.0,LITIGIEUX,PORTEO PARTIELLE,TRC,3555000.0,MOYEN,MOYEN
TRC-2022-004,2022,1,2022-01-17,CH-013,PONT SUR OUÉMÉ À ADJOHOUN,OUVRAGE D'ART,OUÉMÉ,FINITION,EFFONDREMENT DE TALUS,COLLECTIVITÉ LOCALE,CHARGEUR,NSIA BÉNIN,17294000,375000,16101000.0,11,45.0,LITIGIEUX,PORTEO PARTIELLE,TRC,16476000.0,ELEVE,ELEVE
TRC-2022-005,2022,10,2022-10-08,CH-014,VOIRIE PARAKOU ZONE INDUSTRIELLE,VRD,BORGOU,TERRASSEMENT,DOMMAGES PROPRIÉTÉ RIVERAINE,RIVERAIN PARTICULIER,NIVELEUSE,UAB,2637000,682000,1562000.0,6,184.0,RÉGLÉ,PORTEO ENTIÈRE,TRC,2244000.0,MOYEN,MOYEN
TRC-2022-006,2022,5,2022-05-13,CH-027,RN2 BOHICON-DASSA RÉHABILITATION,BITUMAGE,ZOU,GROS ŒUVRE,ACCIDENT CORPOREL SUR CHANTIER,TRAVAILLEUR / SOUS-TRAITANT,NIVELEUSE,NSIA BÉNIN,10215000,485000,0.0,4,0.0,REFUSÉ,PORTEO PARTIELLE,TRC,485000.0,FAIBLE,FAIBLE
TRC-2022-007,2022,8,2022-08-05,CH-024,VRD ABOMEY-CALAVI EXTENSION,VRD,ATLANTIQUE,GROS ŒUVRE,EFFONDREMENT DE TALUS,COLLECTIVITÉ LOCALE,FINISSEUR ASPHALTE,COLINA,17836000,1470000,12040000.0,7,151.0,RÉGLÉ,PORTEO PARTIELLE,TRC,13510000.0,ELEVE,ELEVE
TRC-2022-008,2022,7,2022-07-14,CH-018,RN6 NATITINGOU-KÉROU,BITUMAGE,ATACORA,TERRASSEMENT,EFFONDREMENT DE TALUS,COLLECTIVITÉ LOCALE,COMPACTEUR,SOBAC,11413000,571000,7610000.0,18,172.0,RÉGLÉ,PORTEO PARTIELLE,TRC,8181000.0,ELEVE,ELEVE
TRC-2022-009,2022,5,2022-05-18,CH-019,POSE RÉSEAUX EAU GLAZOUÉ,POSE RÉSEAUX,COLLINES,RÉCEPTION,CÂBLE SBEE SECTIONNÉ,SBEE,ROULEAU VIBRANT,SOBAC,2393000,982000,0.0,4,0.0,EN COURS,PORTEO ENTIÈRE,TRC,982000.0,FAIBLE,FAIBLE
TRC-2022-010,2022,4,2022-04-24,CH-017,ASSAINISSEMENT COTONOU BASSIN NOKOUÉ,DRAINAGE/ASSAINISSEMENT,LITTORAL,RÉCEPTION,DOMMAGES AUX TRAVAUX (PLUIE),PORTEO BTP (BIEN PROPRE),ROULEAU VIBRANT,SOBAC,5220000,1235000,2871000.0,4,201.0,RÉGLÉ,PORTEO ENTIÈRE,TRC,4106000.0,MOYEN,MOYEN
TRC-2022-011,2022,9,2022-09-18,CH-026,DRAINAGE COTONOU-CADJÈHOUN,DRAINAGE/ASSAINISSEMENT,LITTORAL,GROS ŒUVRE,CONDUITE EAU ENDOMMAGÉE,SONEB,ROULEAU VIBRANT,COLINA,1096000,1384000,0.0,12,161.0,RÉGLÉ,PORTEO ENTIÈRE,TRC,1384000.0,MOYEN,MOYEN
TRC-2022-012,2022,7,2022-07-26,CH-010,ROUTE POBÈ-KÉTOU,BITUMAGE,PLATEAU,TERRASSEMENT,CÂBLE SBEE SECTIONNÉ,SBEE,CAMION BENNE,NSIA BÉNIN,2398000,1407000,0.0,17,0.0,EN COURS,PORTEO PARTIELLE,TRC,1407000.0,MOYEN,MOYEN
TRC-2022-013,2022,8,2022-08-19,CH-002,VOIRIE URBAINE AKPAKPA-FIDJROSSÈ,VRD,LITTORAL,TERRASSEMENT,CONDUITE EAU ENDOMMAGÉE,SONEB,CAMION BENNE,SAAR-BÉNIN,1616000,1185000,356000.0,6,77.0,RÉGLÉ,PORTEO ENTIÈRE,TRC,1541000.0,MOYEN,MOYEN
TRC-2022-014,2022,8,2022-08-09,CH-028,POSE RÉSEAUX PARAKOU NORD,POSE RÉSEAUX,BORGOU,GROS ŒUVRE,CÂBLE SONEB SECTIONNÉ,SONEB,NIVELEUSE,SAAR-BÉNIN,382000,1025000,0.0,9,213.0,LITIGIEUX,PORTEO ENTIÈRE,TRC,1025000.0,MOYEN,MOYEN
TRC-2022-015,2022,7,2022-07-26,CH-017,ASSAINISSEMENT COTONOU BASSIN NOKOUÉ,DRAINAGE/ASSAINISSEMENT,LITTORAL,TERRASSEMENT,EFFONDREMENT DE TALUS,COLLECTIVITÉ LOCALE,FINISSEUR ASPHALTE,BGFA BÉNIN,2898000,401000,2354000.0,14,84.0,RÉGLÉ,PORTEO PARTIELLE,TRC,2755000.0,MOYEN,MOYEN
TRC-2022-016,2022,5,2022-05-15,CH-024,VRD ABOMEY-CALAVI EXTENSION,VRD,ATLANTIQUE,TERRASSEMENT,CONDUITE EAU ENDOMMAGÉE,SONEB,PELLE HYDRAULIQUE,ALLIANZ BÉNIN,1038000,1181000,0.0,16,238.0,RÉGLÉ,PORTEO PARTIELLE,TRC,1181000.0,MOYEN,MOYEN
TRC-2022-017,2022,6,2022-06-10,CH-016,ROUTE DJOUGOU-BASSILA,TERRASSEMENT,DONGA,GROS ŒUVRE,DOMMAGES PROPRIÉTÉ RIVERAINE,RIVERAIN PARTICULIER,FINISSEUR ASPHALTE,NSIA BÉNIN,1719000,939000,689000.0,11,166.0,RÉGLÉ,PORTEO ENTIÈRE,TRC,1628000.0,MOYEN,MOYEN
TRC-2022-018,2022,11,2022-11-15,CH-013,PONT SUR OUÉMÉ À ADJOHOUN,OUVRAGE D'ART,OUÉMÉ,RÉCEPTION,DOMMAGES PROPRIÉTÉ RIVERAINE,RIVERAIN PARTICULIER,FINISSEUR ASPHALTE,COLINA,3566000,1119000,2297000.0,10,208.0,RÉGLÉ,PORTEO ENTIÈRE,TRC,3416000.0,MOYEN,MOYEN
TRC-2022-019,2022,6,2022-06-09,CH-026,DRAINAGE COTONOU-CADJÈHOUN,DRAINAGE/ASSAINISSEMENT,LITTORAL,GROS ŒUVRE,CÂBLE SONEB SECTIONNÉ,SONEB,COMPACTEUR,COLINA,665000,769000,0.0,12,0.0,EN COURS,PORTEO PARTIELLE,TRC,769000.0,FAIBLE,FAIBLE
TRC-2022-020,2022,9,2022-09-06,CH-011,DRAINAGE BOHICON-ABOMEY,DRAINAGE/ASSAINISSEMENT,ZOU,GROS ŒUVRE,CONDUITE EAU ENDOMMAGÉE,SONEB,CHARGEUR,ALLIANZ BÉNIN,650000,1298000,0.0,11,71.0,RÉGLÉ,PORTEO PARTIELLE,TRC,1298000.0,MOYEN,MOYEN
TRC-2022-021,2022,5,2022-05-02,CH-001,RN2 DASSA-SAVALOU PHASE 2,BITUMAGE,COLLINES,TERRASSEMENT,CONDUITE EAU ENDOMMAGÉE,SONEB,BULLDOZER,SOBAC,3167000,1013000,0.0,5,0.0,EN EXPERTISE,PORTEO ENTIÈRE,TRC,1013000.0,MOYEN,MOYEN
TRC-2022-022,2022,3,2022-03-20,CH-005,DRAINAGE ABOMEY-CALAVI NORD,DRAINAGE/ASSAINISSEMENT,ATLANTIQUE,GROS ŒUVRE,CÂBLE SBEE SECTIONNÉ,SBEE,BULLDOZER,SOBAC,2737000,1077000,0.0,7,0.0,EN EXPERTISE,PORTEO ENTIÈRE,TRC,1077000.0,MOYEN,MOYEN
TRC-2022-023,2022,5,2022-05-15,CH-022,RÉHABILITATION RN1 OUIDAH-HILLACONDJI,BITUMAGE,MONO,GROS ŒUVRE,ACCIDENT CORPOREL SUR CHANTIER,TRAVAILLEUR / SOUS-TRAITANT,CHARGEUR,SAAR-BÉNIN,12059000,1407000,8639000.0,7,215.0,RÉGLÉ,PORTEO PARTIELLE,TRC,10046000.0,ELEVE,ELEVE
TRC-2022-024,2022,10,2022-10-09,CH-025,ROUTE SAVALOU-BANTÈ,TERRASSEMENT,COLLINES,TERRASSEMENT,CÂBLE SONEB SECTIONNÉ,SONEB,ROULEAU VIBRANT,ALLIANZ BÉNIN,500000,1495000,0.0,21,90.0,RÉGLÉ,PORTEO ENTIÈRE,TRC,1495000.0,MOYEN,MOYEN
TRC-2022-025,2022,6,2022-06-21,CH-016,ROUTE DJOUGOU-BASSILA,TERRASSEMENT,DONGA,INSTALLATION CHANTIER,CÂBLE SONEB SECTIONNÉ,SONEB,ROULEAU VIBRANT,SOBAC,812000,818000,0.0,10,0.0,EN COURS,PORTEO ENTIÈRE,TRC,818000.0,FAIBLE,FAIBLE
TRC-2022-026,2022,3,2022-03-03,CH-003,ROUTE PARAKOU-N'DALI,TERRASSEMENT,BORGOU,TERRASSEMENT,CONDUITE EAU ENDOMMAGÉE,SONEB,PELLE HYDRAULIQUE,NSIA BÉNIN,1503000,835000,0.0,14,0.0,EN EXPERTISE,PORTEO ENTIÈRE,TRC,835000.0,FAIBLE,FAIBLE
TRC-2022-027,2022,5,2022-05-23,CH-011,DRAINAGE BOHICON-ABOMEY,DRAINAGE/ASSAINISSEMENT,ZOU,GROS ŒUVRE,ACCIDENT CORPOREL SUR CHANTIER,TRAVAILLEUR / SOUS-TRAITANT,BULLDOZER,COLINA,6169000,918000,4346000.0,9,156.0,LITIGIEUX,PORTEO ENTIÈRE,TRC,5264000.0,ELEVE,ELEVE
TRC-2022-028,2022,1,2022-01-23,CH-027,RN2 BOHICON-DASSA RÉHABILITATION,BITUMAGE,ZOU,TERRASSEMENT,DOMMAGES PROPRIÉTÉ RIVERAINE,RIVERAIN PARTICULIER,CAMION BENNE,UAB,3689000,942000,0.0,3,0.0,REFUSÉ,PORTEO ENTIÈRE,TRC,942000.0,FAIBLE,FAIBLE
TRC-2022-029,2022,8,2022-08-21,CH-003,ROUTE PARAKOU-N'DALI,TERRASSEMENT,BORGOU,FINITION,CÂBLE SBEE SECTIONNÉ,SBEE,CAMION BENNE,SOBAC,2227000,708000,0.0,8,0.0,EN EXPERTISE,PORTEO PARTIELLE,TRC,708000.0,FAIBLE,FAIBLE
TRC-2022-030,2022,4,2022-04-02,CH-013,PONT SUR OUÉMÉ À ADJOHOUN,OUVRAGE D'ART,OUÉMÉ,TERRASSEMENT,CONDUITE EAU ENDOMMAGÉE,SONEB,ROULEAU VIBRANT,SOBAC,1205000,768000,384000.0,8,169.0,RÉGLÉ,PORTEO ENTIÈRE,TRC,1152000.0,MOYEN,MOYEN
TRC-2022-031,2022,4,2022-04-07,CH-001,RN2 DASSA-SAVALOU PHASE 2,BITUMAGE,COLLINES,GROS ŒUVRE,DOMMAGES PROPRIÉTÉ RIVERAINE,RIVERAIN PARTICULIER,ROULEAU VIBRANT,NSIA BÉNIN,2155000,887000,1066000.0,3,123.0,RÉGLÉ,PORTEO ENTIÈRE,TRC,1953000.0,MOYEN,MOYEN
TRC-2022-032,2022,6,2022-06-11,CH-026,DRAINAGE COTONOU-CADJÈHOUN,DRAINAGE/ASSAINISSEMENT,LITTORAL,INSTALLATION CHANTIER,DOMMAGES PROPRIÉTÉ RIVERAINE,RIVERAIN PARTICULIER,NIVELEUSE,SOBAC,8309000,554000,0.0,20,0.0,EN COURS,PORTEO ENTIÈRE,TRC,554000.0,FAIBLE,FAIBLE
TRC-2022-033,2022,5,2022-05-03,CH-002,VOIRIE URBAINE AKPAKPA-FIDJROSSÈ,VRD,LITTORAL,INSTALLATION CHANTIER,DOMMAGES PROPRIÉTÉ RIVERAINE,RIVERAIN PARTICULIER,NIVELEUSE,NSIA BÉNIN,2978000,323000,2285000.0,7,107.0,LITIGIEUX,PORTEO PARTIELLE,TRC,2608000.0,MOYEN,MOYEN
TRC-2022-034,2022,8,2022-08-10,CH-027,RN2 BOHICON-DASSA RÉHABILITATION,BITUMAGE,ZOU,INSTALLATION CHANTIER,DOMMAGES PROPRIÉTÉ RIVERAINE,RIVERAIN PARTICULIER,COMPACTEUR,NSIA BÉNIN,1677000,505000,1070000.0,8,72.0,RÉGLÉ,PORTEO ENTIÈRE,TRC,1575000.0,MOYEN,MOYEN
TRC-2022-035,2022,7,2022-07-26,CH-027,RN2 BOHICON-DASSA RÉHABILITATION,BITUMAGE,ZOU,GROS ŒUVRE,DOMMAGES AUX TRAVAUX (PLUIE),PORTEO BTP (BIEN PROPRE),NIVELEUSE,SAAR-BÉNIN,6089000,689000,0.0,8,0.0,REFUSÉ,PORTEO ENTIÈRE,TRC,689000.0,FAIBLE,FAIBLE
TRC-2022-036,2022,9,2022-09-19,CH-006,RN1 COTONOU-OUIDAH RÉHABILITATION,BITUMAGE,ATLANTIQUE,TERRASSEMENT,CÂBLE SBEE SECTIONNÉ,SBEE,COMPACTEUR,COLINA,1583000,469000,981000.0,3,186.0,RÉGLÉ,PORTEO ENTIÈRE,TRC,1450000.0,MOYEN,MOYEN
TRC-2022-037,2022,4,2022-04-26,CH-028,POSE RÉSEAUX PARAKOU NORD,POSE RÉSEAUX,BORGOU,TERRASSEMENT,CONDUITE EAU ENDOMMAGÉE,SONEB,PELLE HYDRAULIQUE,ALLIANZ BÉNIN,1586000,489000,0.0,4,0.0,EN EXPERTISE,PORTEO ENTIÈRE,TRC,489000.0,FAIBLE,FAIBLE
TRC-2022-038,2022,9,2022-09-19,CH-029,ROUTE COVÈ-ZAGNANADO,TERRASSEMENT,ZOU,GROS ŒUVRE,CÂBLE SBEE SECTIONNÉ,SBEE,ROULEAU VIBRANT,UAB,1054000,1251000,0.0,9,81.0,RÉGLÉ,PORTEO ENTIÈRE,TRC,1251000.0,MOYEN,MOYEN
TRC-2022-039,2022,11,2022-11-20,CH-023,PONT SUR ALIBORI À KANDI,OUVRAGE D'ART,ALIBORI,TERRASSEMENT,CÂBLE SONEB SECTIONNÉ,SONEB,PELLE HYDRAULIQUE,COLINA,528000,900000,0.0,9,122.0,LITIGIEUX,PORTEO ENTIÈRE,TRC,900000.0,FAIBLE,FAIBLE
TRC-2022-040,2022,5,2022-05-17,CH-004,PONT SUR MONO À LOKOSSA,OUVRAGE D'ART,MONO,FINITION,CONDUITE EAU ENDOMMAGÉE,SONEB,CAMION BENNE,NSIA BÉNIN,1576000,1484000,76000.0,8,205.0,RÉGLÉ,PORTEO PARTIELLE,TRC,1560000.0,MOYEN,MOYEN
TRC-2022-041,2022,3,2022-03-05,CH-022,RÉHABILITATION RN1 OUIDAH-HILLACONDJI,BITUMAGE,MONO,FINITION,EFFONDREMENT DE TALUS,COLLECTIVITÉ LOCALE,CAMION BENNE,ALLIANZ BÉNIN,11233000,897000,9715000.0,15,58.0,RÉGLÉ,PORTEO ENTIÈRE,TRC,10612000.0,ELEVE,ELEVE
TRC-2022-042,2022,5,2022-05-20,CH-026,DRAINAGE COTONOU-CADJÈHOUN,DRAINAGE/ASSAINISSEMENT,LITTORAL,INSTALLATION CHANTIER,EFFONDREMENT DE TALUS,COLLECTIVITÉ LOCALE,ROULEAU VIBRANT,COLINA,8223000,425000,6548000.0,5,85.0,RÉGLÉ,PORTEO PARTIELLE,TRC,6973000.0,ELEVE,ELEVE
TRC-2022-043,2022,2,2022-02-08,CH-024,VRD ABOMEY-CALAVI EXTENSION,VRD,ATLANTIQUE,GROS ŒUVRE,CÂBLE TÉLÉPHONIQUE SECTIONNÉ,BÉNIN TÉLÉCOM / MTN,COMPACTEUR,BGFA BÉNIN,593000,803000,0.0,5,0.0,EN COURS,PORTEO PARTIELLE,TRC,803000.0,FAIBLE,FAIBLE
TRC-2022-044,2022,6,2022-06-04,CH-008,RN3 KANDI-SÉGBANA,TERRASSEMENT,ALIBORI,FINITION,DOMMAGES PROPRIÉTÉ RIVERAINE,RIVERAIN PARTICULIER,FINISSEUR ASPHALTE,ALLIANZ BÉNIN,2542000,751000,1473000.0,8,169.0,RÉGLÉ,PORTEO ENTIÈRE,TRC,2224000.0,MOYEN,MOYEN
TRC-2022-045,2022,11,2022-11-15,CH-006,RN1 COTONOU-OUIDAH RÉHABILITATION,BITUMAGE,ATLANTIQUE,TERRASSEMENT,CÂBLE SBEE SECTIONNÉ,SBEE,COMPACTEUR,SAAR-BÉNIN,1374000,1164000,0.0,6,0.0,EN COURS,TIERS RESPONSABLE,TRC,1164000.0,MOYEN,MOYEN
TRC-2022-046,2022,1,2022-01-19,CH-002,VOIRIE URBAINE AKPAKPA-FIDJROSSÈ,VRD,LITTORAL,TERRASSEMENT,CÂBLE SBEE SECTIONNÉ,SBEE,NIVELEUSE,BGFA BÉNIN,2085000,859000,1101000.0,21,101.0,RÉGLÉ,PORTEO PARTIELLE,TRC,1960000.0,MOYEN,MOYEN
TRC-2022-047,2022,11,2022-11-19,CH-018,RN6 NATITINGOU-KÉROU,BITUMAGE,ATACORA,TERRASSEMENT,EFFONDREMENT DE TALUS,COLLECTIVITÉ LOCALE,ROULEAU VIBRANT,SAAR-BÉNIN,5809000,1328000,4297000.0,2,196.0,RÉGLÉ,PORTEO ENTIÈRE,TRC,5625000.0,ELEVE,ELEVE
TRC-2022-048,2022,9,2022-09-24,CH-028,POSE RÉSEAUX PARAKOU NORD,POSE RÉSEAUX,BORGOU,TERRASSEMENT,CÂBLE SONEB SECTIONNÉ,SONEB,NIVELEUSE,COLINA,1959000,995000,0.0,2,0.0,EN EXPERTISE,PORTEO ENTIÈRE,TRC,995000.0,FAIBLE,FAIBLE
TRC-2022-049,2022,7,2022-07-02,CH-002,VOIRIE URBAINE AKPAKPA-FIDJROSSÈ,VRD,LITTORAL,GROS ŒUVRE,DOMMAGES AUX TRAVAUX (PLUIE),PORTEO BTP (BIEN PROPRE),ROULEAU VIBRANT,UAB,4679000,905000,3029000.0,9,223.0,RÉGLÉ,PORTEO PARTIELLE,TRC,3934000.0,MOYEN,MOYEN
TRC-2022-050,2022,2,2022-02-25,CH-001,RN2 DASSA-SAVALOU PHASE 2,BITUMAGE,COLLINES,INSTALLATION CHANTIER,DOMMAGES PROPRIÉTÉ RIVERAINE,RIVERAIN PARTICULIER,CAMION BENNE,ALLIANZ BÉNIN,1138000,562000,439000.0,16,68.0,RÉGLÉ,PORTEO ENTIÈRE,TRC,1001000.0,MOYEN,MOYEN
TRC-2022-051,2022,10,2022-10-24,CH-019,POSE RÉSEAUX EAU GLAZOUÉ,POSE RÉSEAUX,COLLINES,INSTALLATION CHANTIER,CÂBLE SONEB SECTIONNÉ,SONEB,CHARGEUR,SOBAC,1309000,1226000,0.0,16,0.0,EN EXPERTISE,PORTEO ENTIÈRE,TRC,1226000.0,MOYEN,MOYEN
TRC-2022-052,2022,9,2022-09-01,CH-028,POSE RÉSEAUX PARAKOU NORD,POSE RÉSEAUX,BORGOU,TERRASSEMENT,CONDUITE EAU ENDOMMAGÉE,SONEB,COMPACTEUR,BGFA BÉNIN,1144000,1129000,12000.0,4,237.0,RÉGLÉ,PORTEO ENTIÈRE,TRC,1141000.0,MOYEN,MOYEN
TRC-2022-053,2022,8,2022-08-11,CH-024,VRD ABOMEY-CALAVI EXTENSION,VRD,ATLANTIQUE,INSTALLATION CHANTIER,ACCIDENT CORPOREL SUR CHANTIER,TRAVAILLEUR / SOUS-TRAITANT,PELLE HYDRAULIQUE,SAAR-BÉNIN,8007000,1392000,4719000.0,13,143.0,RÉGLÉ,PORTEO ENTIÈRE,TRC,6111000.0,ELEVE,ELEVE
TRC-2022-054,2022,4,2022-04-18,CH-023,PONT SUR ALIBORI À KANDI,OUVRAGE D'ART,ALIBORI,GROS ŒUVRE,CÂBLE SONEB SECTIONNÉ,SONEB,BULLDOZER,SOBAC,1534000,546000,0.0,17,0.0,REFUSÉ,PORTEO ENTIÈRE,TRC,546000.0,FAIBLE,FAIBLE
TRC-2022-055,2022,9,2022-09-25,CH-019,POSE RÉSEAUX EAU GLAZOUÉ,POSE RÉSEAUX,COLLINES,GROS ŒUVRE,EFFONDREMENT DE TALUS,COLLECTIVITÉ LOCALE,CAMION BENNE,COLINA,13194000,1204000,0.0,15,0.0,EN COURS,PORTEO ENTIÈRE,TRC,1204000.0,MOYEN,MOYEN
TRC-2022-056,2022,5,2022-05-03,CH-012,RN7 LOKOSSA-ATHIÉMÉ,TERRASSEMENT,MONO,INSTALLATION CHANTIER,CÂBLE SBEE SECTIONNÉ,SBEE,CAMION BENNE,UAB,5171000,932000,3750000.0,21,218.0,RÉGLÉ,PORTEO PARTIELLE,TRC,4682000.0,MOYEN,MOYEN
TRC-2023-057,2023,10,2023-10-23,CH-026,DRAINAGE COTONOU-CADJÈHOUN,DRAINAGE/ASSAINISSEMENT,LITTORAL,FINITION,INCENDIE DE MATÉRIEL,PORTEO BTP (BIEN PROPRE),FINISSEUR ASPHALTE,ALLIANZ BÉNIN,13809000,526000,0.0,11,0.0,EN EXPERTISE,PORTEO ENTIÈRE,TRC,526000.0,FAIBLE,FAIBLE
TRC-2023-058,2023,11,2023-11-03,CH-004,PONT SUR MONO À LOKOSSA,OUVRAGE D'ART,MONO,TERRASSEMENT,CÂBLE SONEB SECTIONNÉ,SONEB,FINISSEUR ASPHALTE,SOBAC,924000,478000,336000.0,19,205.0,RÉGLÉ,PORTEO ENTIÈRE,TRC,814000.0,FAIBLE,FAIBLE
TRC-2023-059,2023,11,2023-11-16,CH-012,RN7 LOKOSSA-ATHIÉMÉ,TERRASSEMENT,MONO,GROS ŒUVRE,CÂBLE SBEE SECTIONNÉ,SBEE,CHARGEUR,UAB,3718000,326000,2394000.0,20,104.0,RÉGLÉ,PORTEO PARTIELLE,TRC,2720000.0,MOYEN,MOYEN
TRC-2023-060,2023,6,2023-06-21,CH-026,DRAINAGE COTONOU-CADJÈHOUN,DRAINAGE/ASSAINISSEMENT,LITTORAL,GROS ŒUVRE,CÂBLE SBEE SECTIONNÉ,SBEE,CAMION BENNE,COLINA,5299000,1136000,0.0,6,0.0,EN EXPERTISE,PORTEO ENTIÈRE,TRC,1136000.0,MOYEN,MOYEN
TRC-2023-061,2023,11,2023-11-10,CH-006,RN1 COTONOU-OUIDAH RÉHABILITATION,BITUMAGE,ATLANTIQUE,TERRASSEMENT,DOMMAGES PROPRIÉTÉ RIVERAINE,RIVERAIN PARTICULIER,ROULEAU VIBRANT,ALLIANZ BÉNIN,2305000,746000,1434000.0,21,82.0,RÉGLÉ,PORTEO ENTIÈRE,TRC,2180000.0,MOYEN,MOYEN
TRC-2023-062,2023,11,2023-11-23,CH-018,RN6 NATITINGOU-KÉROU,BITUMAGE,ATACORA,RÉCEPTION,CÂBLE SBEE SECTIONNÉ,SBEE,NIVELEUSE,ALLIANZ BÉNIN,2798000,1307000,0.0,9,0.0,EN COURS,PORTEO PARTIELLE,TRC,1307000.0,MOYEN,MOYEN
TRC-2023-063,2023,3,2023-03-11,CH-019,POSE RÉSEAUX EAU GLAZOUÉ,POSE RÉSEAUX,COLLINES,TERRASSEMENT,CÂBLE SONEB SECTIONNÉ,SONEB,NIVELEUSE,SAAR-BÉNIN,596000,521000,53000.0,16,126.0,RÉGLÉ,TIERS RESPONSABLE,TRC,574000.0,FAIBLE,FAIBLE
TRC-2023-064,2023,7,2023-07-06,CH-018,RN6 NATITINGOU-KÉROU,BITUMAGE,ATACORA,FINITION,CÂBLE SBEE SECTIONNÉ,SBEE,NIVELEUSE,NSIA BÉNIN,1605000,785000,605000.0,19,162.0,RÉGLÉ,TIERS RESPONSABLE,TRC,1390000.0,MOYEN,MOYEN
TRC-2023-065,2023,12,2023-12-11,CH-021,ROUTE MALANVILLE-KARIMAMA,TERRASSEMENT,ALIBORI,INSTALLATION CHANTIER,DOMMAGES PROPRIÉTÉ RIVERAINE,RIVERAIN PARTICULIER,ROULEAU VIBRANT,SAAR-BÉNIN,4690000,648000,3860000.0,5,191.0,LITIGIEUX,PORTEO PARTIELLE,TRC,4508000.0,MOYEN,MOYEN
TRC-2023-066,2023,9,2023-09-02,CH-005,DRAINAGE ABOMEY-CALAVI NORD,DRAINAGE/ASSAINISSEMENT,ATLANTIQUE,TERRASSEMENT,DOMMAGES PROPRIÉTÉ RIVERAINE,RIVERAIN PARTICULIER,CHARGEUR,NSIA BÉNIN,6325000,330000,0.0,12,0.0,EN COURS,PORTEO ENTIÈRE,TRC,330000.0,FAIBLE,FAIBLE
TRC-2023-067,2023,2,2023-02-21,CH-007,BITUMAGE NATITINGOU-TANGUIÉTA,BITUMAGE,ATACORA,TERRASSEMENT,CONDUITE EAU ENDOMMAGÉE,SONEB,BULLDOZER,COLINA,1359000,1423000,0.0,14,182.0,RÉGLÉ,PORTEO PARTIELLE,TRC,1423000.0,MOYEN,MOYEN
TRC-2023-068,2023,5,2023-05-11,CH-020,VOIRIE ALLADA-TORI,VRD,ATLANTIQUE,FINITION,CONDUITE EAU ENDOMMAGÉE,SONEB,CHARGEUR,NSIA BÉNIN,2456000,1390000,787000.0,11,154.0,RÉGLÉ,PORTEO ENTIÈRE,TRC,2177000.0,MOYEN,MOYEN
TRC-2023-069,2023,6,2023-06-10,CH-015,RN2 SAVÈ-PARAKOU ENTRETIEN,BITUMAGE,COLLINES,TERRASSEMENT,EFFONDREMENT DE TALUS,COLLECTIVITÉ LOCALE,FINISSEUR ASPHALTE,SOBAC,9130000,1173000,7623000.0,15,158.0,RÉGLÉ,PORTEO ENTIÈRE,TRC,8796000.0,ELEVE,ELEVE
TRC-2023-070,2023,4,2023-04-19,CH-020,VOIRIE ALLADA-TORI,VRD,ATLANTIQUE,TERRASSEMENT,CÂBLE SONEB SECTIONNÉ,SONEB,BULLDOZER,COLINA,768000,870000,0.0,14,0.0,EN EXPERTISE,TIERS RESPONSABLE,TRC,870000.0,FAIBLE,FAIBLE
TRC-2023-071,2023,3,2023-03-14,CH-021,ROUTE MALANVILLE-KARIMAMA,TERRASSEMENT,ALIBORI,INSTALLATION CHANTIER,ACCIDENT CORPOREL SUR CHANTIER,TRAVAILLEUR / SOUS-TRAITANT,NIVELEUSE,ALLIANZ BÉNIN,14174000,967000,0.0,7,0.0,EN COURS,PORTEO PARTIELLE,TRC,967000.0,FAIBLE,FAIBLE
TRC-2023-072,2023,10,2023-10-10,CH-018,RN6 NATITINGOU-KÉROU,BITUMAGE,ATACORA,GROS ŒUVRE,CÂBLE TÉLÉPHONIQUE SECTIONNÉ,BÉNIN TÉLÉCOM / MTN,PELLE HYDRAULIQUE,BGFA BÉNIN,1474000,662000,673000.0,2,234.0,RÉGLÉ,PORTEO ENTIÈRE,TRC,1335000.0,MOYEN,MOYEN
TRC-2023-073,2023,4,2023-04-10,CH-021,ROUTE MALANVILLE-KARIMAMA,TERRASSEMENT,ALIBORI,INSTALLATION CHANTIER,EFFONDREMENT DE TALUS,COLLECTIVITÉ LOCALE,ROULEAU VIBRANT,SOBAC,7337000,1085000,0.0,9,0.0,EN EXPERTISE,PORTEO ENTIÈRE,TRC,1085000.0,MOYEN,MOYEN
TRC-2023-074,2023,1,2023-01-25,CH-009,VRD PORTO-NOVO CENTRE,VRD,OUÉMÉ,RÉCEPTION,CÂBLE TÉLÉPHONIQUE SECTIONNÉ,BÉNIN TÉLÉCOM / MTN,ROULEAU VIBRANT,SOBAC,1495000,1019000,393000.0,5,156.0,RÉGLÉ,PORTEO PARTIELLE,TRC,1412000.0,MOYEN,MOYEN
TRC-2023-075,2023,6,2023-06-24,CH-019,POSE RÉSEAUX EAU GLAZOUÉ,POSE RÉSEAUX,COLLINES,TERRASSEMENT,CÂBLE SONEB SECTIONNÉ,SONEB,NIVELEUSE,NSIA BÉNIN,300000,998000,0.0,10,222.0,RÉGLÉ,PORTEO ENTIÈRE,TRC,998000.0,FAIBLE,FAIBLE
TRC-2023-076,2023,6,2023-06-21,CH-030,VOIRIE KÉTOU-POBÈ EXTENSION,VRD,PLATEAU,TERRASSEMENT,ACCIDENT CORPOREL SUR CHANTIER,TRAVAILLEUR / SOUS-TRAITANT,COMPACTEUR,BGFA BÉNIN,18259000,650000,0.0,7,0.0,EN COURS,PORTEO ENTIÈRE,TRC,650000.0,FAIBLE,FAIBLE
TRC-2023-077,2023,9,2023-09-20,CH-025,ROUTE SAVALOU-BANTÈ,TERRASSEMENT,COLLINES,TERRASSEMENT,CÂBLE SONEB SECTIONNÉ,SONEB,CAMION BENNE,SOBAC,1149000,679000,0.0,13,0.0,EN EXPERTISE,PORTEO PARTIELLE,TRC,679000.0,FAIBLE,FAIBLE
TRC-2023-078,2023,3,2023-03-19,CH-012,RN7 LOKOSSA-ATHIÉMÉ,TERRASSEMENT,MONO,TERRASSEMENT,EFFONDREMENT DE TALUS,COLLECTIVITÉ LOCALE,NIVELEUSE,NSIA BÉNIN,6349000,922000,4483000.0,8,132.0,RÉGLÉ,TIERS RESPONSABLE,TRC,5405000.0,ELEVE,ELEVE
TRC-2023-079,2023,4,2023-04-08,CH-027,RN2 BOHICON-DASSA RÉHABILITATION,BITUMAGE,ZOU,FINITION,CÂBLE SONEB SECTIONNÉ,SONEB,BULLDOZER,UAB,1152000,1036000,0.0,16,0.0,EN EXPERTISE,PORTEO ENTIÈRE,TRC,1036000.0,MOYEN,MOYEN
TRC-2023-080,2023,11,2023-11-04,CH-027,RN2 BOHICON-DASSA RÉHABILITATION,BITUMAGE,ZOU,TERRASSEMENT,CÂBLE SONEB SECTIONNÉ,SONEB,ROULEAU VIBRANT,COLINA,367000,718000,0.0,18,0.0,EN COURS,PORTEO ENTIÈRE,TRC,718000.0,FAIBLE,FAIBLE
TRC-2023-081,2023,9,2023-09-11,CH-006,RN1 COTONOU-OUIDAH RÉHABILITATION,BITUMAGE,ATLANTIQUE,TERRASSEMENT,DOMMAGES PROPRIÉTÉ RIVERAINE,RIVERAIN PARTICULIER,CAMION BENNE,ALLIANZ BÉNIN,2659000,1277000,1275000.0,8,81.0,RÉGLÉ,PORTEO PARTIELLE,TRC,2552000.0,MOYEN,MOYEN
TRC-2023-082,2023,4,2023-04-03,CH-014,VOIRIE PARAKOU ZONE INDUSTRIELLE,VRD,BORGOU,GROS ŒUVRE,DOMMAGES PROPRIÉTÉ RIVERAINE,RIVERAIN PARTICULIER,PELLE HYDRAULIQUE,ALLIANZ BÉNIN,3651000,393000,0.0,5,0.0,EN COURS,PORTEO PARTIELLE,TRC,393000.0,FAIBLE,FAIBLE
TRC-2023-083,2023,1,2023-01-22,CH-017,ASSAINISSEMENT COTONOU BASSIN NOKOUÉ,DRAINAGE/ASSAINISSEMENT,LITTORAL,INSTALLATION CHANTIER,CONDUITE EAU ENDOMMAGÉE,SONEB,BULLDOZER,COLINA,3188000,1390000,1400000.0,8,47.0,RÉGLÉ,PORTEO PARTIELLE,TRC,2790000.0,MOYEN,MOYEN
TRC-2023-084,2023,8,2023-08-07,CH-006,RN1 COTONOU-OUIDAH RÉHABILITATION,BITUMAGE,ATLANTIQUE,TERRASSEMENT,DOMMAGES PROPRIÉTÉ RIVERAINE,RIVERAIN PARTICULIER,CHARGEUR,SAAR-BÉNIN,2256000,475000,0.0,7,0.0,EN COURS,PORTEO ENTIÈRE,TRC,475000.0,FAIBLE,FAIBLE
TRC-2023-085,2023,10,2023-10-25,CH-024,VRD ABOMEY-CALAVI EXTENSION,VRD,ATLANTIQUE,INSTALLATION CHANTIER,CONDUITE EAU ENDOMMAGÉE,SONEB,COMPACTEUR,SOBAC,907000,382000,0.0,8,0.0,EN EXPERTISE,PORTEO PARTIELLE,TRC,382000.0,FAIBLE,FAIBLE
TRC-2023-086,2023,12,2023-12-06,CH-029,ROUTE COVÈ-ZAGNANADO,TERRASSEMENT,ZOU,TERRASSEMENT,DOMMAGES PROPRIÉTÉ RIVERAINE,RIVERAIN PARTICULIER,NIVELEUSE,UAB,2277000,1170000,1040000.0,5,226.0,LITIGIEUX,PORTEO ENTIÈRE,TRC,2210000.0,MOYEN,MOYEN
TRC-2023-087,2023,5,2023-05-12,CH-013,PONT SUR OUÉMÉ À ADJOHOUN,OUVRAGE D'ART,OUÉMÉ,INSTALLATION CHANTIER,CÂBLE SBEE SECTIONNÉ,SBEE,ROULEAU VIBRANT,NSIA BÉNIN,5126000,789000,0.0,18,0.0,EN COURS,PORTEO ENTIÈRE,TRC,789000.0,FAIBLE,FAIBLE
TRC-2023-088,2023,4,2023-04-25,CH-012,RN7 LOKOSSA-ATHIÉMÉ,TERRASSEMENT,MONO,GROS ŒUVRE,DOMMAGES PROPRIÉTÉ RIVERAINE,RIVERAIN PARTICULIER,CAMION BENNE,SOBAC,3595000,349000,2370000.0,16,117.0,RÉGLÉ,PORTEO ENTIÈRE,TRC,2719000.0,MOYEN,MOYEN
TRC-2023-089,2023,5,2023-05-14,CH-010,ROUTE POBÈ-KÉTOU,BITUMAGE,PLATEAU,INSTALLATION CHANTIER,DOMMAGES AUX TRAVAUX (PLUIE),PORTEO BTP (BIEN PROPRE),CHARGEUR,ALLIANZ BÉNIN,2894000,1328000,0.0,2,0.0,EN EXPERTISE,PORTEO PARTIELLE,TRC,1328000.0,MOYEN,MOYEN
TRC-2023-090,2023,12,2023-12-16,CH-022,RÉHABILITATION RN1 OUIDAH-HILLACONDJI,BITUMAGE,MONO,INSTALLATION CHANTIER,CÂBLE SONEB SECTIONNÉ,SONEB,BULLDOZER,SOBAC,1453000,1090000,268000.0,7,147.0,RÉGLÉ,PORTEO PARTIELLE,TRC,1358000.0,MOYEN,MOYEN
TRC-2023-091,2023,2,2023-02-07,CH-011,DRAINAGE BOHICON-ABOMEY,DRAINAGE/ASSAINISSEMENT,ZOU,GROS ŒUVRE,CÂBLE SONEB SECTIONNÉ,SONEB,CAMION BENNE,BGFA BÉNIN,1156000,785000,301000.0,14,172.0,RÉGLÉ,PORTEO ENTIÈRE,TRC,1086000.0,MOYEN,MOYEN
TRC-2023-092,2023,6,2023-06-22,CH-020,VOIRIE ALLADA-TORI,VRD,ATLANTIQUE,RÉCEPTION,ACCIDENT CORPOREL SUR CHANTIER,TRAVAILLEUR / SOUS-TRAITANT,ROULEAU VIBRANT,ALLIANZ BÉNIN,19794000,914000,15448000.0,6,76.0,RÉGLÉ,PORTEO ENTIÈRE,TRC,16362000.0,ELEVE,ELEVE
TRC-2023-093,2023,1,2023-01-24,CH-002,VOIRIE URBAINE AKPAKPA-FIDJROSSÈ,VRD,LITTORAL,INSTALLATION CHANTIER,EFFONDREMENT DE TALUS,COLLECTIVITÉ LOCALE,BULLDOZER,BGFA BÉNIN,5086000,332000,4075000.0,4,128.0,RÉGLÉ,PORTEO ENTIÈRE,TRC,4407000.0,MOYEN,MOYEN
TRC-2023-094,2023,8,2023-08-17,CH-025,ROUTE SAVALOU-BANTÈ,TERRASSEMENT,COLLINES,INSTALLATION CHANTIER,CÂBLE TÉLÉPHONIQUE SECTIONNÉ,BÉNIN TÉLÉCOM / MTN,PELLE HYDRAULIQUE,BGFA BÉNIN,528000,652000,0.0,3,183.0,RÉGLÉ,PORTEO ENTIÈRE,TRC,652000.0,FAIBLE,FAIBLE
TRC-2023-095,2023,12,2023-12-04,CH-013,PONT SUR OUÉMÉ À ADJOHOUN,OUVRAGE D'ART,OUÉMÉ,FINITION,CÂBLE TÉLÉPHONIQUE SECTIONNÉ,BÉNIN TÉLÉCOM / MTN,CAMION BENNE,SOBAC,510000,831000,0.0,7,213.0,RÉGLÉ,PORTEO PARTIELLE,TRC,831000.0,FAIBLE,FAIBLE
TRC-2023-096,2023,7,2023-07-05,CH-010,ROUTE POBÈ-KÉTOU,BITUMAGE,PLATEAU,INSTALLATION CHANTIER,DOMMAGES PROPRIÉTÉ RIVERAINE,RIVERAIN PARTICULIER,ROULEAU VIBRANT,UAB,1341000,431000,0.0,19,0.0,EN COURS,PORTEO PARTIELLE,TRC,431000.0,FAIBLE,FAIBLE
TRC-2023-097,2023,10,2023-10-17,CH-002,VOIRIE URBAINE AKPAKPA-FIDJROSSÈ,VRD,LITTORAL,INSTALLATION CHANTIER,CÂBLE SBEE SECTIONNÉ,SBEE,CAMION BENNE,SAAR-BÉNIN,3646000,1465000,0.0,3,0.0,EN COURS,PORTEO ENTIÈRE,TRC,1465000.0,MOYEN,MOYEN
TRC-2023-098,2023,1,2023-01-02,CH-005,DRAINAGE ABOMEY-CALAVI NORD,DRAINAGE/ASSAINISSEMENT,ATLANTIQUE,TERRASSEMENT,EFFONDREMENT DE TALUS,COLLECTIVITÉ LOCALE,FINISSEUR ASPHALTE,SAAR-BÉNIN,8639000,1190000,6941000.0,13,132.0,RÉGLÉ,PORTEO ENTIÈRE,TRC,8131000.0,ELEVE,ELEVE
TRC-2023-099,2023,6,2023-06-02,CH-022,RÉHABILITATION RN1 OUIDAH-HILLACONDJI,BITUMAGE,MONO,TERRASSEMENT,CÂBLE SONEB SECTIONNÉ,SONEB,NIVELEUSE,NSIA BÉNIN,1099000,675000,373000.0,19,123.0,RÉGLÉ,PORTEO ENTIÈRE,TRC,1048000.0,MOYEN,MOYEN
TRC-2023-100,2023,6,2023-06-15,CH-022,RÉHABILITATION RN1 OUIDAH-HILLACONDJI,BITUMAGE,MONO,GROS ŒUVRE,EFFONDREMENT DE TALUS,COLLECTIVITÉ LOCALE,CHARGEUR,UAB,6577000,1382000,4577000.0,20,195.0,RÉGLÉ,PORTEO ENTIÈRE,TRC,5959000.0,ELEVE,ELEVE
TRC-2023-101,2023,6,2023-06-19,CH-004,PONT SUR MONO À LOKOSSA,OUVRAGE D'ART,MONO,TERRASSEMENT,DOMMAGES PROPRIÉTÉ RIVERAINE,RIVERAIN PARTICULIER,NIVELEUSE,COLINA,1377000,1110000,222000.0,11,240.0,RÉGLÉ,PORTEO PARTIELLE,TRC,1332000.0,MOYEN,MOYEN
TRC-2023-102,2023,6,2023-06-14,CH-007,BITUMAGE NATITINGOU-TANGUIÉTA,BITUMAGE,ATACORA,GROS ŒUVRE,CÂBLE TÉLÉPHONIQUE SECTIONNÉ,BÉNIN TÉLÉCOM / MTN,CAMION BENNE,SAAR-BÉNIN,502000,1245000,0.0,3,0.0,EN EXPERTISE,PORTEO ENTIÈRE,TRC,1245000.0,MOYEN,MOYEN
TRC-2023-103,2023,6,2023-06-19,CH-013,PONT SUR OUÉMÉ À ADJOHOUN,OUVRAGE D'ART,OUÉMÉ,GROS ŒUVRE,DOMMAGES PROPRIÉTÉ RIVERAINE,RIVERAIN PARTICULIER,CHARGEUR,SAAR-BÉNIN,2485000,1450000,0.0,4,0.0,EN COURS,PORTEO ENTIÈRE,TRC,1450000.0,MOYEN,MOYEN
TRC-2023-104,2023,8,2023-08-17,CH-016,ROUTE DJOUGOU-BASSILA,TERRASSEMENT,DONGA,TERRASSEMENT,CÂBLE SBEE SECTIONNÉ,SBEE,CAMION BENNE,UAB,1993000,392000,0.0,19,0.0,EN EXPERTISE,PORTEO ENTIÈRE,TRC,392000.0,FAIBLE,FAIBLE
TRC-2023-105,2023,6,2023-06-14,CH-013,PONT SUR OUÉMÉ À ADJOHOUN,OUVRAGE D'ART,OUÉMÉ,INSTALLATION CHANTIER,CÂBLE SONEB SECTIONNÉ,SONEB,NIVELEUSE,COLINA,1002000,1106000,0.0,17,205.0,RÉGLÉ,PORTEO PARTIELLE,TRC,1106000.0,MOYEN,MOYEN
TRC-2023-106,2023,5,2023-05-27,CH-024,VRD ABOMEY-CALAVI EXTENSION,VRD,ATLANTIQUE,TERRASSEMENT,ACCIDENT CORPOREL SUR CHANTIER,TRAVAILLEUR / SOUS-TRAITANT,FINISSEUR ASPHALTE,COLINA,14510000,1066000,0.0,3,0.0,EN EXPERTISE,PORTEO PARTIELLE,TRC,1066000.0,MOYEN,MOYEN
TRC-2023-107,2023,7,2023-07-12,CH-015,RN2 SAVÈ-PARAKOU ENTRETIEN,BITUMAGE,COLLINES,TERRASSEMENT,CÂBLE SONEB SECTIONNÉ,SONEB,BULLDOZER,SOBAC,3091000,1122000,1601000.0,8,126.0,RÉGLÉ,PORTEO PARTIELLE,TRC,2723000.0,MOYEN,MOYEN
TRC-2023-108,2023,10,2023-10-09,CH-027,RN2 BOHICON-DASSA RÉHABILITATION,BITUMAGE,ZOU,TERRASSEMENT,CÂBLE SBEE SECTIONNÉ,SBEE,COMPACTEUR,BGFA BÉNIN,3411000,1124000,1743000.0,11,83.0,RÉGLÉ,PORTEO ENTIÈRE,TRC,2867000.0,MOYEN,MOYEN
TRC-2023-109,2023,7,2023-07-18,CH-014,VOIRIE PARAKOU ZONE INDUSTRIELLE,VRD,BORGOU,FINITION,CÂBLE SBEE SECTIONNÉ,SBEE,NIVELEUSE,SOBAC,3570000,542000,2143000.0,3,116.0,RÉGLÉ,PORTEO PARTIELLE,TRC,2685000.0,MOYEN,MOYEN
TRC-2024-110,2024,10,2024-10-02,CH-028,POSE RÉSEAUX PARAKOU NORD,POSE RÉSEAUX,BORGOU,TERRASSEMENT,EFFONDREMENT DE TALUS,COLLECTIVITÉ LOCALE,BULLDOZER,UAB,7183000,658000,6188000.0,6,138.0,RÉGLÉ,PORTEO PARTIELLE,TRC,6846000.0,ELEVE,ELEVE
TRC-2024-111,2024,5,2024-05-19,CH-024,VRD ABOMEY-CALAVI EXTENSION,VRD,ATLANTIQUE,TERRASSEMENT,CÂBLE TÉLÉPHONIQUE SECTIONNÉ,BÉNIN TÉLÉCOM / MTN,BULLDOZER,ALLIANZ BÉNIN,220000,1097000,0.0,21,179.0,RÉGLÉ,PORTEO ENTIÈRE,TRC,1097000.0,MOYEN,MOYEN
TRC-2024-112,2024,3,2024-03-26,CH-011,DRAINAGE BOHICON-ABOMEY,DRAINAGE/ASSAINISSEMENT,ZOU,GROS ŒUVRE,CÂBLE SBEE SECTIONNÉ,SBEE,FINISSEUR ASPHALTE,ALLIANZ BÉNIN,3054000,768000,0.0,6,0.0,EN COURS,PORTEO ENTIÈRE,TRC,768000.0,FAIBLE,FAIBLE
TRC-2024-113,2024,3,2024-03-07,CH-009,VRD PORTO-NOVO CENTRE,VRD,OUÉMÉ,TERRASSEMENT,CÂBLE TÉLÉPHONIQUE SECTIONNÉ,BÉNIN TÉLÉCOM / MTN,FINISSEUR ASPHALTE,UAB,654000,1007000,0.0,9,73.0,RÉGLÉ,PORTEO ENTIÈRE,TRC,1007000.0,MOYEN,MOYEN
TRC-2024-114,2024,12,2024-12-26,CH-030,VOIRIE KÉTOU-POBÈ EXTENSION,VRD,PLATEAU,INSTALLATION CHANTIER,CÂBLE SONEB SECTIONNÉ,SONEB,PELLE HYDRAULIQUE,SOBAC,4000000,741000,2828000.0,9,200.0,RÉGLÉ,PORTEO ENTIÈRE,TRC,3569000.0,MOYEN,MOYEN
TRC-2024-115,2024,5,2024-05-13,CH-010,ROUTE POBÈ-KÉTOU,BITUMAGE,PLATEAU,GROS ŒUVRE,CONDUITE EAU ENDOMMAGÉE,SONEB,COMPACTEUR,BGFA BÉNIN,1272000,1384000,0.0,16,0.0,EN COURS,PORTEO ENTIÈRE,TRC,1384000.0,MOYEN,MOYEN
TRC-2024-116,2024,6,2024-06-13,CH-030,VOIRIE KÉTOU-POBÈ EXTENSION,VRD,PLATEAU,TERRASSEMENT,INCENDIE DE MATÉRIEL,PORTEO BTP (BIEN PROPRE),COMPACTEUR,BGFA BÉNIN,25861000,408000,0.0,7,0.0,EN EXPERTISE,PORTEO ENTIÈRE,TRC,408000.0,FAIBLE,FAIBLE
TRC-2024-117,2024,11,2024-11-21,CH-011,DRAINAGE BOHICON-ABOMEY,DRAINAGE/ASSAINISSEMENT,ZOU,GROS ŒUVRE,EFFONDREMENT DE TALUS,COLLECTIVITÉ LOCALE,FINISSEUR ASPHALTE,BGFA BÉNIN,7342000,788000,6064000.0,12,170.0,RÉGLÉ,PORTEO ENTIÈRE,TRC,6852000.0,ELEVE,ELEVE
TRC-2024-118,2024,9,2024-09-27,CH-004,PONT SUR MONO À LOKOSSA,OUVRAGE D'ART,MONO,GROS ŒUVRE,EFFONDREMENT DE TALUS,COLLECTIVITÉ LOCALE,ROULEAU VIBRANT,SOBAC,3935000,908000,2593000.0,2,185.0,RÉGLÉ,PORTEO PARTIELLE,TRC,3501000.0,MOYEN,MOYEN
TRC-2024-119,2024,9,2024-09-21,CH-021,ROUTE MALANVILLE-KARIMAMA,TERRASSEMENT,ALIBORI,INSTALLATION CHANTIER,CÂBLE SONEB SECTIONNÉ,SONEB,BULLDOZER,NSIA BÉNIN,2054000,1069000,741000.0,7,123.0,RÉGLÉ,PORTEO ENTIÈRE,TRC,1810000.0,MOYEN,MOYEN
TRC-2024-120,2024,5,2024-05-23,CH-025,ROUTE SAVALOU-BANTÈ,TERRASSEMENT,COLLINES,GROS ŒUVRE,EFFONDREMENT DE TALUS,COLLECTIVITÉ LOCALE,CHARGEUR,UAB,11316000,1316000,0.0,17,0.0,EN COURS,PORTEO PARTIELLE,TRC,1316000.0,MOYEN,MOYEN
TRC-2024-121,2024,10,2024-10-05,CH-009,VRD PORTO-NOVO CENTRE,VRD,OUÉMÉ,GROS ŒUVRE,CÂBLE SONEB SECTIONNÉ,SONEB,FINISSEUR ASPHALTE,BGFA BÉNIN,1693000,693000,722000.0,20,139.0,RÉGLÉ,PORTEO ENTIÈRE,TRC,1415000.0,MOYEN,MOYEN
TRC-2024-122,2024,5,2024-05-01,CH-030,VOIRIE KÉTOU-POBÈ EXTENSION,VRD,PLATEAU,GROS ŒUVRE,CONDUITE EAU ENDOMMAGÉE,SONEB,NIVELEUSE,NSIA BÉNIN,858000,574000,233000.0,14,112.0,RÉGLÉ,PORTEO PARTIELLE,TRC,807000.0,FAIBLE,FAIBLE
TRC-2024-123,2024,8,2024-08-20,CH-009,VRD PORTO-NOVO CENTRE,VRD,OUÉMÉ,RÉCEPTION,CÂBLE SONEB SECTIONNÉ,SONEB,ROULEAU VIBRANT,BGFA BÉNIN,2370000,504000,1313000.0,17,179.0,RÉGLÉ,PORTEO ENTIÈRE,TRC,1817000.0,MOYEN,MOYEN
TRC-2024-124,2024,3,2024-03-23,CH-007,BITUMAGE NATITINGOU-TANGUIÉTA,BITUMAGE,ATACORA,FINITION,CÂBLE SONEB SECTIONNÉ,SONEB,COMPACTEUR,COLINA,507000,1239000,0.0,8,78.0,RÉGLÉ,PORTEO ENTIÈRE,TRC,1239000.0,MOYEN,MOYEN
TRC-2024-125,2024,12,2024-12-10,CH-024,VRD ABOMEY-CALAVI EXTENSION,VRD,ATLANTIQUE,INSTALLATION CHANTIER,DOMMAGES PROPRIÉTÉ RIVERAINE,RIVERAIN PARTICULIER,ROULEAU VIBRANT,ALLIANZ BÉNIN,4143000,790000,2600000.0,13,112.0,RÉGLÉ,PORTEO ENTIÈRE,TRC,3390000.0,MOYEN,MOYEN
TRC-2024-126,2024,8,2024-08-21,CH-015,RN2 SAVÈ-PARAKOU ENTRETIEN,BITUMAGE,COLLINES,INSTALLATION CHANTIER,CÂBLE SONEB SECTIONNÉ,SONEB,COMPACTEUR,SOBAC,3654000,1346000,0.0,14,0.0,REFUSÉ,PORTEO ENTIÈRE,TRC,1346000.0,MOYEN,MOYEN
TRC-2024-127,2024,9,2024-09-24,CH-020,VOIRIE ALLADA-TORI,VRD,ATLANTIQUE,TERRASSEMENT,CÂBLE SONEB SECTIONNÉ,SONEB,PELLE HYDRAULIQUE,NSIA BÉNIN,635000,371000,201000.0,10,135.0,RÉGLÉ,TIERS RESPONSABLE,TRC,572000.0,FAIBLE,FAIBLE
TRC-2024-128,2024,7,2024-07-13,CH-010,ROUTE POBÈ-KÉTOU,BITUMAGE,PLATEAU,GROS ŒUVRE,INCENDIE DE MATÉRIEL,PORTEO BTP (BIEN PROPRE),NIVELEUSE,SAAR-BÉNIN,16046000,459000,0.0,7,0.0,EN EXPERTISE,PORTEO ENTIÈRE,TRC,459000.0,FAIBLE,FAIBLE
TRC-2024-129,2024,7,2024-07-11,CH-029,ROUTE COVÈ-ZAGNANADO,TERRASSEMENT,ZOU,TERRASSEMENT,CÂBLE TÉLÉPHONIQUE SECTIONNÉ,BÉNIN TÉLÉCOM / MTN,NIVELEUSE,UAB,668000,1152000,0.0,10,125.0,RÉGLÉ,PORTEO ENTIÈRE,TRC,1152000.0,MOYEN,MOYEN
TRC-2024-130,2024,9,2024-09-14,CH-010,ROUTE POBÈ-KÉTOU,BITUMAGE,PLATEAU,TERRASSEMENT,ACCIDENT CORPOREL SUR CHANTIER,TRAVAILLEUR / SOUS-TRAITANT,CHARGEUR,SOBAC,8809000,1296000,6269000.0,17,156.0,LITIGIEUX,PORTEO PARTIELLE,TRC,7565000.0,ELEVE,ELEVE
TRC-2024-131,2024,9,2024-09-05,CH-018,RN6 NATITINGOU-KÉROU,BITUMAGE,ATACORA,GROS ŒUVRE,EFFONDREMENT DE TALUS,COLLECTIVITÉ LOCALE,ROULEAU VIBRANT,SAAR-BÉNIN,3189000,1258000,1426000.0,7,103.0,RÉGLÉ,PORTEO ENTIÈRE,TRC,2684000.0,MOYEN,MOYEN
TRC-2024-132,2024,9,2024-09-14,CH-004,PONT SUR MONO À LOKOSSA,OUVRAGE D'ART,MONO,FINITION,DOMMAGES AUX TRAVAUX (PLUIE),PORTEO BTP (BIEN PROPRE),BULLDOZER,BGFA BÉNIN,4022000,349000,3248000.0,6,169.0,RÉGLÉ,PORTEO ENTIÈRE,TRC,3597000.0,MOYEN,MOYEN
TRC-2024-133,2024,3,2024-03-03,CH-007,BITUMAGE NATITINGOU-TANGUIÉTA,BITUMAGE,ATACORA,TERRASSEMENT,EFFONDREMENT DE TALUS,COLLECTIVITÉ LOCALE,PELLE HYDRAULIQUE,COLINA,4172000,502000,2829000.0,20,214.0,RÉGLÉ,PORTEO ENTIÈRE,TRC,3331000.0,MOYEN,MOYEN
TRC-2024-134,2024,5,2024-05-03,CH-008,RN3 KANDI-SÉGBANA,TERRASSEMENT,ALIBORI,GROS ŒUVRE,DOMMAGES PROPRIÉTÉ RIVERAINE,RIVERAIN PARTICULIER,CHARGEUR,COLINA,3893000,1365000,2217000.0,5,219.0,RÉGLÉ,PORTEO ENTIÈRE,TRC,3582000.0,MOYEN,MOYEN
TRC-2024-135,2024,10,2024-10-05,CH-001,RN2 DASSA-SAVALOU PHASE 2,BITUMAGE,COLLINES,GROS ŒUVRE,CÂBLE SONEB SECTIONNÉ,SONEB,CHARGEUR,NSIA BÉNIN,661000,1091000,0.0,21,197.0,RÉGLÉ,PORTEO PARTIELLE,TRC,1091000.0,MOYEN,MOYEN
TRC-2024-136,2024,11,2024-11-11,CH-024,VRD ABOMEY-CALAVI EXTENSION,VRD,ATLANTIQUE,FINITION,DOMMAGES AUX TRAVAUX (PLUIE),PORTEO BTP (BIEN PROPRE),PELLE HYDRAULIQUE,SOBAC,9084000,1256000,7237000.0,4,209.0,RÉGLÉ,PORTEO ENTIÈRE,TRC,8493000.0,ELEVE,ELEVE
TRC-2024-137,2024,8,2024-08-20,CH-013,PONT SUR OUÉMÉ À ADJOHOUN,OUVRAGE D'ART,OUÉMÉ,TERRASSEMENT,CÂBLE SONEB SECTIONNÉ,SONEB,PELLE HYDRAULIQUE,BGFA BÉNIN,712000,588000,0.0,8,0.0,EN COURS,PORTEO ENTIÈRE,TRC,588000.0,FAIBLE,FAIBLE
TRC-2024-138,2024,4,2024-04-25,CH-013,PONT SUR OUÉMÉ À ADJOHOUN,OUVRAGE D'ART,OUÉMÉ,GROS ŒUVRE,CÂBLE SBEE SECTIONNÉ,SBEE,CAMION BENNE,SOBAC,2595000,1085000,1250000.0,21,155.0,RÉGLÉ,PORTEO PARTIELLE,TRC,2335000.0,MOYEN,MOYEN
TRC-2024-139,2024,4,2024-04-22,CH-004,PONT SUR MONO À LOKOSSA,OUVRAGE D'ART,MONO,INSTALLATION CHANTIER,EFFONDREMENT DE TALUS,COLLECTIVITÉ LOCALE,FINISSEUR ASPHALTE,NSIA BÉNIN,11706000,888000,0.0,15,0.0,EN EXPERTISE,PORTEO ENTIÈRE,TRC,888000.0,FAIBLE,FAIBLE
TRC-2024-140,2024,10,2024-10-20,CH-006,RN1 COTONOU-OUIDAH RÉHABILITATION,BITUMAGE,ATLANTIQUE,INSTALLATION CHANTIER,CÂBLE TÉLÉPHONIQUE SECTIONNÉ,BÉNIN TÉLÉCOM / MTN,NIVELEUSE,UAB,321000,349000,0.0,18,102.0,RÉGLÉ,PORTEO ENTIÈRE,TRC,349000.0,FAIBLE,FAIBLE
TRC-2024-141,2024,8,2024-08-17,CH-003,ROUTE PARAKOU-N'DALI,TERRASSEMENT,BORGOU,INSTALLATION CHANTIER,CÂBLE SBEE SECTIONNÉ,SBEE,CAMION BENNE,BGFA BÉNIN,3511000,1389000,1567000.0,9,77.0,RÉGLÉ,PORTEO PARTIELLE,TRC,2956000.0,MOYEN,MOYEN
TRC-2024-142,2024,7,2024-07-10,CH-019,POSE RÉSEAUX EAU GLAZOUÉ,POSE RÉSEAUX,COLLINES,TERRASSEMENT,CÂBLE SONEB SECTIONNÉ,SONEB,CAMION BENNE,SAAR-BÉNIN,2248000,354000,1535000.0,10,69.0,RÉGLÉ,PORTEO ENTIÈRE,TRC,1889000.0,MOYEN,MOYEN
TRC-2024-143,2024,8,2024-08-25,CH-017,ASSAINISSEMENT COTONOU BASSIN NOKOUÉ,DRAINAGE/ASSAINISSEMENT,LITTORAL,GROS ŒUVRE,CÂBLE SONEB SECTIONNÉ,SONEB,PELLE HYDRAULIQUE,NSIA BÉNIN,453000,855000,0.0,15,0.0,EN COURS,PORTEO PARTIELLE,TRC,855000.0,FAIBLE,FAIBLE
TRC-2024-144,2024,10,2024-10-10,CH-011,DRAINAGE BOHICON-ABOMEY,DRAINAGE/ASSAINISSEMENT,ZOU,INSTALLATION CHANTIER,CONDUITE EAU ENDOMMAGÉE,SONEB,NIVELEUSE,ALLIANZ BÉNIN,1565000,1104000,0.0,7,0.0,EN COURS,PORTEO ENTIÈRE,TRC,1104000.0,MOYEN,MOYEN
TRC-2024-145,2024,2,2024-02-20,CH-009,VRD PORTO-NOVO CENTRE,VRD,OUÉMÉ,TERRASSEMENT,EFFONDREMENT DE TALUS,COLLECTIVITÉ LOCALE,ROULEAU VIBRANT,SOBAC,8633000,941000,5618000.0,14,88.0,RÉGLÉ,PORTEO PARTIELLE,TRC,6559000.0,ELEVE,ELEVE
TRC-2024-146,2024,10,2024-10-24,CH-020,VOIRIE ALLADA-TORI,VRD,ATLANTIQUE,TERRASSEMENT,DOMMAGES PROPRIÉTÉ RIVERAINE,RIVERAIN PARTICULIER,FINISSEUR ASPHALTE,BGFA BÉNIN,4612000,1276000,0.0,11,0.0,EN COURS,PORTEO PARTIELLE,TRC,1276000.0,MOYEN,MOYEN
TRC-2024-147,2024,3,2024-03-05,CH-001,RN2 DASSA-SAVALOU PHASE 2,BITUMAGE,COLLINES,GROS ŒUVRE,CÂBLE SONEB SECTIONNÉ,SONEB,COMPACTEUR,UAB,555000,1135000,0.0,19,168.0,RÉGLÉ,PORTEO ENTIÈRE,TRC,1135000.0,MOYEN,MOYEN
TRC-2024-148,2024,5,2024-05-10,CH-025,ROUTE SAVALOU-BANTÈ,TERRASSEMENT,COLLINES,INSTALLATION CHANTIER,CÂBLE TÉLÉPHONIQUE SECTIONNÉ,BÉNIN TÉLÉCOM / MTN,ROULEAU VIBRANT,UAB,306000,326000,0.0,2,224.0,RÉGLÉ,PORTEO ENTIÈRE,TRC,326000.0,FAIBLE,FAIBLE
TRC-2024-149,2024,10,2024-10-19,CH-008,RN3 KANDI-SÉGBANA,TERRASSEMENT,ALIBORI,GROS ŒUVRE,CÂBLE SONEB SECTIONNÉ,SONEB,FINISSEUR ASPHALTE,UAB,1460000,1301000,112000.0,17,206.0,RÉGLÉ,PORTEO PARTIELLE,TRC,1413000.0,MOYEN,MOYEN
TRC-2024-150,2024,9,2024-09-20,CH-024,VRD ABOMEY-CALAVI EXTENSION,VRD,ATLANTIQUE,TERRASSEMENT,CONDUITE EAU ENDOMMAGÉE,SONEB,ROULEAU VIBRANT,ALLIANZ BÉNIN,1665000,885000,666000.0,3,201.0,RÉGLÉ,TIERS RESPONSABLE,TRC,1551000.0,MOYEN,MOYEN
TRC-2024-151,2024,7,2024-07-14,CH-019,POSE RÉSEAUX EAU GLAZOUÉ,POSE RÉSEAUX,COLLINES,TERRASSEMENT,CÂBLE SBEE SECTIONNÉ,SBEE,CHARGEUR,UAB,3556000,1371000,1798000.0,15,171.0,RÉGLÉ,PORTEO ENTIÈRE,TRC,3169000.0,MOYEN,MOYEN
TRC-2024-152,2024,1,2024-01-10,CH-024,VRD ABOMEY-CALAVI EXTENSION,VRD,ATLANTIQUE,TERRASSEMENT,CÂBLE SONEB SECTIONNÉ,SONEB,ROULEAU VIBRANT,ALLIANZ BÉNIN,1325000,579000,699000.0,11,131.0,RÉGLÉ,TIERS RESPONSABLE,TRC,1278000.0,MOYEN,MOYEN
TRC-2024-153,2024,9,2024-09-13,CH-014,VOIRIE PARAKOU ZONE INDUSTRIELLE,VRD,BORGOU,GROS ŒUVRE,EFFONDREMENT DE TALUS,COLLECTIVITÉ LOCALE,NIVELEUSE,COLINA,5148000,1182000,0.0,8,0.0,EN COURS,PORTEO PARTIELLE,TRC,1182000.0,MOYEN,MOYEN
TRC-2024-154,2024,5,2024-05-24,CH-003,ROUTE PARAKOU-N'DALI,TERRASSEMENT,BORGOU,TERRASSEMENT,CONDUITE EAU ENDOMMAGÉE,SONEB,FINISSEUR ASPHALTE,UAB,1607000,539000,0.0,11,0.0,EN COURS,PORTEO ENTIÈRE,TRC,539000.0,FAIBLE,FAIBLE
TRC-2024-155,2024,5,2024-05-18,CH-002,VOIRIE URBAINE AKPAKPA-FIDJROSSÈ,VRD,LITTORAL,TERRASSEMENT,DOMMAGES AUX TRAVAUX (PLUIE),PORTEO BTP (BIEN PROPRE),PELLE HYDRAULIQUE,BGFA BÉNIN,4550000,613000,0.0,4,0.0,EN COURS,PORTEO ENTIÈRE,TRC,613000.0,FAIBLE,FAIBLE
TRC-2024-156,2024,6,2024-06-04,CH-020,VOIRIE ALLADA-TORI,VRD,ATLANTIQUE,GROS ŒUVRE,CÂBLE SONEB SECTIONNÉ,SONEB,PELLE HYDRAULIQUE,BGFA BÉNIN,740000,884000,0.0,19,0.0,REFUSÉ,PORTEO PARTIELLE,TRC,884000.0,FAIBLE,FAIBLE
TRC-2024-157,2024,5,2024-05-05,CH-028,POSE RÉSEAUX PARAKOU NORD,POSE RÉSEAUX,BORGOU,INSTALLATION CHANTIER,DOMMAGES PROPRIÉTÉ RIVERAINE,RIVERAIN PARTICULIER,ROULEAU VIBRANT,BGFA BÉNIN,8371000,1103000,0.0,16,0.0,EN COURS,TIERS RESPONSABLE,TRC,1103000.0,MOYEN,MOYEN
TRC-2024-158,2024,12,2024-12-25,CH-004,PONT SUR MONO À LOKOSSA,OUVRAGE D'ART,MONO,GROS ŒUVRE,INCENDIE DE MATÉRIEL,PORTEO BTP (BIEN PROPRE),PELLE HYDRAULIQUE,COLINA,28432000,1032000,0.0,5,0.0,EN EXPERTISE,PORTEO ENTIÈRE,TRC,1032000.0,MOYEN,MOYEN
TRC-2024-159,2024,4,2024-04-04,CH-028,POSE RÉSEAUX PARAKOU NORD,POSE RÉSEAUX,BORGOU,TERRASSEMENT,CÂBLE SONEB SECTIONNÉ,SONEB,ROULEAU VIBRANT,SOBAC,569000,1174000,0.0,5,0.0,EN COURS,PORTEO PARTIELLE,TRC,1174000.0,MOYEN,MOYEN
TRC-2024-160,2024,4,2024-04-12,CH-011,DRAINAGE BOHICON-ABOMEY,DRAINAGE/ASSAINISSEMENT,ZOU,TERRASSEMENT,DOMMAGES PROPRIÉTÉ RIVERAINE,RIVERAIN PARTICULIER,ROULEAU VIBRANT,SAAR-BÉNIN,4305000,542000,3387000.0,11,46.0,LITIGIEUX,PORTEO ENTIÈRE,TRC,3929000.0,MOYEN,MOYEN
TRC-2024-161,2024,7,2024-07-03,CH-009,VRD PORTO-NOVO CENTRE,VRD,OUÉMÉ,GROS ŒUVRE,CÂBLE SBEE SECTIONNÉ,SBEE,FINISSEUR ASPHALTE,BGFA BÉNIN,1813000,733000,0.0,9,0.0,EN COURS,PORTEO ENTIÈRE,TRC,733000.0,FAIBLE,FAIBLE
TRC-2024-162,2024,4,2024-04-14,CH-014,VOIRIE PARAKOU ZONE INDUSTRIELLE,VRD,BORGOU,FINITION,ACCIDENT CORPOREL SUR CHANTIER,TRAVAILLEUR / SOUS-TRAITANT,PELLE HYDRAULIQUE,SOBAC,17913000,1442000,14451000.0,18,52.0,RÉGLÉ,PORTEO ENTIÈRE,TRC,15893000.0,ELEVE,ELEVE
TRC-2024-163,2024,11,2024-11-03,CH-011,DRAINAGE BOHICON-ABOMEY,DRAINAGE/ASSAINISSEMENT,ZOU,RÉCEPTION,CÂBLE SBEE SECTIONNÉ,SBEE,NIVELEUSE,COLINA,5860000,497000,4813000.0,3,214.0,RÉGLÉ,TIERS RESPONSABLE,TRC,5310000.0,ELEVE,ELEVE
TRC-2024-164,2024,12,2024-12-23,CH-026,DRAINAGE COTONOU-CADJÈHOUN,DRAINAGE/ASSAINISSEMENT,LITTORAL,INSTALLATION CHANTIER,CONDUITE EAU ENDOMMAGÉE,SONEB,CHARGEUR,SAAR-BÉNIN,901000,655000,216000.0,2,186.0,RÉGLÉ,PORTEO PARTIELLE,TRC,871000.0,FAIBLE,FAIBLE
TRC-2024-165,2024,10,2024-10-17,CH-020,VOIRIE ALLADA-TORI,VRD,ATLANTIQUE,GROS ŒUVRE,ACCIDENT CORPOREL SUR CHANTIER,TRAVAILLEUR / SOUS-TRAITANT,CHARGEUR,BGFA BÉNIN,19737000,835000,15907000.0,14,203.0,RÉGLÉ,PORTEO PARTIELLE,TRC,16742000.0,ELEVE,ELEVE
TRC-2024-166,2024,9,2024-09-10,CH-003,ROUTE PARAKOU-N'DALI,TERRASSEMENT,BORGOU,TERRASSEMENT,CÂBLE SONEB SECTIONNÉ,SONEB,CAMION BENNE,ALLIANZ BÉNIN,1375000,1170000,0.0,4,0.0,EN COURS,PORTEO ENTIÈRE,TRC,1170000.0,MOYEN,MOYEN
