immatriculation,type_engin,marque,annee_mise_en_service,age_vehicule_ans,departement_affectation,km_parcourus_estimes,etat_general,assureur
PRT-0001-BJ,PELLE HYDRAULIQUE,CATERPILLAR,2013,11,ATLANTIQUE,202000,BON,SOBAC
PRT-0002-BJ,BULLDOZER,HITACHI,2007,17,COLLINES,307000,MOYEN,ALLIANZ BÉNIN
PRT-0003-BJ,CAMION BENNE,MERCEDES-BENZ,2022,2,LITTORAL,73000,BON,SOBAC
PRT-0004-BJ,NIVELEUSE,VOLVO CE,2019,5,ZOU,76000,MOYEN,BGFA BÉNIN
PRT-0005-BJ,CAMION CITERNE,FOTON,2015,9,ATLANTIQUE,360000,MOYEN,SAAR-BÉNIN
PRT-0006-BJ,CAMION BENNE,FOTON,2008,16,OUÉMÉ,379000,MOYEN,BGFA BÉNIN
PRT-0007-BJ,CAMION BENNE,SHACMAN,2022,2,LITTORAL,55000,BON,NSIA BÉNIN
PRT-0008-BJ,NIVELEUSE,SANY,2011,13,BORGOU,292000,MOYEN,BGFA BÉNIN
PRT-0009-BJ,VÉHICULE LÉGER 4X4,TOYOTA,2012,12,ATACORA,358000,MOYEN,SOBAC
PRT-0010-BJ,GRUE MOBILE,LIEBHERR,2016,8,OUÉMÉ,304000,MOYEN,SOBAC
PRT-0011-BJ,PELLE HYDRAULIQUE,LIEBHERR,2022,2,BORGOU,41000,BON,UAB
PRT-0012-BJ,VÉHICULE LÉGER 4X4,LAND ROVER,2022,2,ATLANTIQUE,51000,BON,BGFA BÉNIN
PRT-0013-BJ,CAMION CITERNE,MERCEDES-BENZ,2012,12,ALIBORI,338000,MAUVAIS,SAAR-BÉNIN
PRT-0014-BJ,CAMION BENNE,SINO TRUCK,2011,13,COLLINES,585000,MAUVAIS,SOBAC
PRT-0015-BJ,VÉHICULE LÉGER 4X4,FORD,2009,15,ATLANTIQUE,354000,MAUVAIS,SOBAC
PRT-0016-BJ,COMPACTEUR,JCB,2016,8,ATLANTIQUE,254000,MAUVAIS,UAB
PRT-0017-BJ,CAMION BENNE,MERCEDES-BENZ,2008,16,LITTORAL,597000,MOYEN,UAB
PRT-0018-BJ,COMPACTEUR,JCB,2017,7,COLLINES,163000,BON,COLINA
PRT-0019-BJ,CHARGEUR,CATERPILLAR,2008,16,BORGOU,380000,MAUVAIS,BGFA BÉNIN
PRT-0020-BJ,PELLE HYDRAULIQUE,KOMATSU,2014,10,OUÉMÉ,387000,MOYEN,SOBAC
PRT-0021-BJ,CAMION BENNE,FAW,2010,14,ZOU,497000,MOYEN,SAAR-BÉNIN
PRT-0022-BJ,GRUE MOBILE,HITACHI,2011,13,LITTORAL,425000,MAUVAIS,BGFA BÉNIN
PRT-0023-BJ,CAMION MALAXEUR BÉTON,MERCEDES-BENZ,2015,9,PLATEAU,242000,BON,BGFA BÉNIN
PRT-0024-BJ,CAMION CITERNE,DAF,2006,18,ATLANTIQUE,316000,MAUVAIS,NSIA BÉNIN
PRT-0025-BJ,BULLDOZER,KOMATSU,2022,2,BORGOU,38000,BON,SOBAC
PRT-0026-BJ,VÉHICULE LÉGER 4X4,MITSUBISHI,2010,14,ATLANTIQUE,404000,MAUVAIS,ALLIANZ BÉNIN
PRT-0027-BJ,CAMION MALAXEUR BÉTON,DAF,2014,10,OUÉMÉ,272000,MOYEN,UAB
PRT-0028-BJ,CHARGEUR,DOOSAN,2008,16,ATLANTIQUE,251000,MOYEN,COLINA
PRT-0029-BJ,NIVELEUSE,VOLVO CE,2005,19,LITTORAL,428000,MAUVAIS,NSIA BÉNIN
PRT-0030-BJ,CAMION MALAXEUR BÉTON,SINO TRUCK,2007,17,ZOU,525000,MOYEN,ALLIANZ BÉNIN
PRT-0031-BJ,NIVELEUSE,DOOSAN,2012,12,BORGOU,255000,MAUVAIS,NSIA BÉNIN
PRT-0032-BJ,CAMION BENNE,FOTON,2016,8,OUÉMÉ,311000,MOYEN,NSIA BÉNIN
PRT-0033-BJ,PELLE HYDRAULIQUE,KOMATSU,2006,18,OUÉMÉ,778000,MOYEN,NSIA BÉNIN
PRT-0034-BJ,CAMION BENNE,DAF,2022,2,PLATEAU,58000,BON,ALLIANZ BÉNIN
PRT-0035-BJ,CAMION BENNE,DAF,2007,17,PLATEAU,562000,MAUVAIS,NSIA BÉNIN
PRT-0036-BJ,CAMION BENNE,FAW,2005,19,MONO,813000,MAUVAIS,ALLIANZ BÉNIN
PRT-0037-BJ,CAMION BENNE,SHACMAN,2020,4,ATLANTIQUE,68000,BON,ALLIANZ BÉNIN
PRT-0038-BJ,VÉHICULE LÉGER 4X4,ISUZU,2013,11,DONGA,268000,MAUVAIS,UAB
PRT-0039-BJ,PELLE HYDRAULIQUE,HITACHI,2020,4,LITTORAL,68000,BON,COLINA
PRT-0040-BJ,BULLDOZER,CATERPILLAR,2015,9,LITTORAL,283000,MOYEN,BGFA BÉNIN
PRT-0041-BJ,NIVELEUSE,CATERPILLAR,2021,3,LITTORAL,63000,BON,NSIA BÉNIN
PRT-0042-BJ,COMPACTEUR,VOLVO CE,2017,7,LITTORAL,161000,MOYEN,COLINA
PRT-0043-BJ,COMPACTEUR,KOMATSU,2018,6,COLLINES,152000,BON,SAAR-BÉNIN
PRT-0044-BJ,CAMION BENNE,SINO TRUCK,2012,12,ATLANTIQUE,434000,BON,SAAR-BÉNIN
PRT-0045-BJ,VÉHICULE LÉGER 4X4,TOYOTA,2005,19,PLATEAU,347000,MAUVAIS,NSIA BÉNIN
PRT-0046-BJ,NIVELEUSE,HITACHI,2013,11,LITTORAL,190000,MOYEN,ALLIANZ BÉNIN
PRT-0047-BJ,VÉHICULE LÉGER 4X4,NISSAN,2019,5,ALIBORI,175000,MOYEN,BGFA BÉNIN
PRT-0048-BJ,PELLE HYDRAULIQUE,CATERPILLAR,2022,2,ATLANTIQUE,73000,BON,NSIA BÉNIN
PRT-0049-BJ,CAMION MALAXEUR BÉTON,VOLVO,2013,11,LITTORAL,364000,BON,ALLIANZ BÉNIN
PRT-0050-BJ,CAMION BENNE,DAF,2015,9,ATLANTIQUE,213000,MOYEN,COLINA
PRT-0051-BJ,NIVELEUSE,CATERPILLAR,2007,17,COLLINES,280000,MAUVAIS,NSIA BÉNIN
PRT-0052-BJ,VÉHICULE LÉGER 4X4,NISSAN,2013,11,LITTORAL,419000,MOYEN,UAB
PRT-0053-BJ,COMPACTEUR,KOMATSU,2007,17,DONGA,338000,MAUVAIS,COLINA
PRT-0054-BJ,CAMION BENNE,SINO TRUCK,2022,2,LITTORAL,38000,BON,NSIA BÉNIN
PRT-0055-BJ,VÉHICULE LÉGER 4X4,TOYOTA,2016,8,ATLANTIQUE,147000,MOYEN,SAAR-BÉNIN
PRT-0056-BJ,CAMION CITERNE,FOTON,2009,15,DONGA,305000,MOYEN,BGFA BÉNIN
PRT-0057-BJ,CAMION CITERNE,FOTON,2005,19,LITTORAL,772000,MAUVAIS,UAB
PRT-0058-BJ,CAMION CITERNE,DAF,2013,11,LITTORAL,303000,MAUVAIS,BGFA BÉNIN
PRT-0059-BJ,CAMION BENNE,SHACMAN,2012,12,LITTORAL,317000,MAUVAIS,SAAR-BÉNIN
PRT-0060-BJ,GRUE MOBILE,VOLVO CE,2012,12,LITTORAL,309000,BON,SAAR-BÉNIN
PRT-0061-BJ,CHARGEUR,XCMG,2016,8,COLLINES,341000,MOYEN,COLINA
PRT-0062-BJ,VÉHICULE LÉGER 4X4,TOYOTA,2008,16,ATACORA,544000,MOYEN,SAAR-BÉNIN
PRT-0063-BJ,CAMION BENNE,FOTON,2016,8,BORGOU,279000,MOYEN,COLINA
PRT-0064-BJ,CAMION BENNE,DAF,2013,11,LITTORAL,352000,MOYEN,BGFA BÉNIN
PRT-0065-BJ,NIVELEUSE,VOLVO CE,2016,8,OUÉMÉ,207000,MAUVAIS,COLINA
PRT-0066-BJ,VÉHICULE LÉGER 4X4,TOYOTA,2014,10,ZOU,257000,MOYEN,UAB
PRT-0067-BJ,PELLE HYDRAULIQUE,HITACHI,2009,15,LITTORAL,411000,MAUVAIS,SOBAC
PRT-0068-BJ,BULLDOZER,LIEBHERR,2014,10,OUÉMÉ,250000,MAUVAIS,SAAR-BÉNIN
PRT-0069-BJ,CAMION BENNE,SINO TRUCK,2019,5,PLATEAU,159000,BON,UAB
PRT-0070-BJ,CAMION CITERNE,VOLVO,2007,17,ATLANTIQUE,600000,MAUVAIS,SAAR-BÉNIN
PRT-0071-BJ,CAMION BENNE,DAF,2014,10,ATLANTIQUE,158000,BON,NSIA BÉNIN
PRT-0072-BJ,CAMION BENNE,SHACMAN,2007,17,PLATEAU,576000,MAUVAIS,ALLIANZ BÉNIN
PRT-0073-BJ,BULLDOZER,JCB,2020,4,OUÉMÉ,150000,BON,NSIA BÉNIN
PRT-0074-BJ,CHARGEUR,KOMATSU,2018,6,ATLANTIQUE,227000,MOYEN,COLINA
PRT-0075-BJ,VÉHICULE LÉGER 4X4,MITSUBISHI,2012,12,ATACORA,232000,BON,BGFA BÉNIN
PRT-0076-BJ,VÉHICULE LÉGER 4X4,MITSUBISHI,2022,2,COLLINES,79000,BON,UAB
PRT-0077-BJ,COMPACTEUR,HITACHI,2018,6,ALIBORI,266000,BON,ALLIANZ BÉNIN
PRT-0078-BJ,BULLDOZER,DOOSAN,2019,5,ATLANTIQUE,179000,BON,SAAR-BÉNIN
PRT-0079-BJ,CAMION CITERNE,FAW,2020,4,COLLINES,70000,BON,SOBAC
PRT-0080-BJ,VÉHICULE LÉGER 4X4,FORD,2015,9,ATLANTIQUE,176000,MOYEN,ALLIANZ BÉNIN
PRT-0081-BJ,CAMION BENNE,VOLVO,2011,13,LITTORAL,426000,MAUVAIS,UAB
PRT-0082-BJ,VÉHICULE LÉGER 4X4,NISSAN,2018,6,OUÉMÉ,227000,MOYEN,NSIA BÉNIN
PRT-0083-BJ,CHARGEUR,JCB,2020,4,LITTORAL,159000,BON,UAB
PRT-0084-BJ,CHARGEUR,JCB,2022,2,BORGOU,66000,BON,BGFA BÉNIN
PRT-0085-BJ,COMPACTEUR,VOLVO CE,2020,4,ATLANTIQUE,64000,BON,UAB
PRT-0086-BJ,VÉHICULE LÉGER 4X4,LAND ROVER,2017,7,BORGOU,134000,MOYEN,COLINA
PRT-0087-BJ,NIVELEUSE,JCB,2005,19,LITTORAL,825000,MAUVAIS,UAB
PRT-0088-BJ,CAMION BENNE,IVECO,2017,7,ATLANTIQUE,182000,BON,BGFA BÉNIN
PRT-0089-BJ,CHARGEUR,XCMG,2018,6,ATLANTIQUE,94000,BON,SOBAC
PRT-0090-BJ,NIVELEUSE,SANY,2012,12,COLLINES,436000,MAUVAIS,NSIA BÉNIN
PRT-0091-BJ,BULLDOZER,VOLVO CE,2011,13,ALIBORI,297000,MAUVAIS,ALLIANZ BÉNIN
PRT-0092-BJ,VÉHICULE LÉGER 4X4,TOYOTA,2011,13,PLATEAU,352000,MOYEN,ALLIANZ BÉNIN
PRT-0093-BJ,COMPACTEUR,KOMATSU,2010,14,MONO,222000,MOYEN,SAAR-BÉNIN
PRT-0094-BJ,COMPACTEUR,JCB,2017,7,DONGA,241000,BON,SOBAC
PRT-0095-BJ,GRUE MOBILE,VOLVO CE,2008,16,BORGOU,599000,MOYEN,COLINA
PRT-0096-BJ,CAMION CITERNE,MERCEDES-BENZ,2016,8,ZOU,138000,MOYEN,COLINA
PRT-0097-BJ,PELLE HYDRAULIQUE,CATERPILLAR,2018,6,ALIBORI,161000,BON,SOBAC
PRT-0098-BJ,CHARGEUR,DOOSAN,2009,15,OUÉMÉ,545000,MAUVAIS,SAAR-BÉNIN
PRT-0099-BJ,COMPACTEUR,HITACHI,2020,4,PLATEAU,138000,MOYEN,SAAR-BÉNIN
PRT-0100-BJ,VÉHICULE LÉGER 4X4,NISSAN,2007,17,ATLANTIQUE,673000,MAUVAIS,UAB
PRT-0101-BJ,COMPACTEUR,JCB,2015,9,LITTORAL,189000,MAUVAIS,UAB
PRT-0102-BJ,CAMION BENNE,IVECO,2015,9,ATLANTIQUE,395000,MOYEN,SAAR-BÉNIN
PRT-0103-BJ,NIVELEUSE,HITACHI,2011,13,LITTORAL,403000,MAUVAIS,COLINA
PRT-0104-BJ,BULLDOZER,DOOSAN,2020,4,PLATEAU,99000,BON,ALLIANZ BÉNIN
PRT-0105-BJ,VÉHICULE LÉGER 4X4,NISSAN,2014,10,COLLINES,331000,MOYEN,COLINA
PRT-0106-BJ,VÉHICULE LÉGER 4X4,LAND ROVER,2022,2,ATLANTIQUE,76000,BON,UAB
PRT-0107-BJ,CAMION BENNE,IVECO,2012,12,LITTORAL,227000,BON,SOBAC
PRT-0108-BJ,NIVELEUSE,LIEBHERR,2011,13,ATLANTIQUE,504000,MAUVAIS,COLINA
PRT-0109-BJ,CAMION PLATEAU,FAW,2014,10,COUFFO,247000,MAUVAIS,ALLIANZ BÉNIN
PRT-0110-BJ,VÉHICULE LÉGER 4X4,FORD,2005,19,BORGOU,313000,MOYEN,NSIA BÉNIN
PRT-0111-BJ,NIVELEUSE,LIEBHERR,2020,4,LITTORAL,97000,BON,UAB
PRT-0112-BJ,VÉHICULE LÉGER 4X4,FORD,2010,14,MONO,605000,MOYEN,UAB
PRT-0113-BJ,CAMION BENNE,MAN,2017,7,PLATEAU,262000,BON,NSIA BÉNIN
PRT-0114-BJ,CAMION BENNE,IVECO,2007,17,COUFFO,681000,MOYEN,UAB
PRT-0115-BJ,COMPACTEUR,VOLVO CE,2021,3,OUÉMÉ,134000,BON,UAB
PRT-0116-BJ,VÉHICULE LÉGER 4X4,MITSUBISHI,2018,6,ATLANTIQUE,210000,BON,SOBAC
PRT-0117-BJ,CAMION BENNE,DAF,2011,13,ATLANTIQUE,297000,MOYEN,ALLIANZ BÉNIN
PRT-0118-BJ,NIVELEUSE,LIEBHERR,2005,19,OUÉMÉ,578000,MAUVAIS,SAAR-BÉNIN
PRT-0119-BJ,CAMION BENNE,IVECO,2014,10,BORGOU,375000,MOYEN,ALLIANZ BÉNIN
PRT-0120-BJ,CAMION MALAXEUR BÉTON,DAF,2018,6,LITTORAL,119000,BON,SAAR-BÉNIN
PRT-0121-BJ,GRUE MOBILE,KOMATSU,2006,18,LITTORAL,712000,MOYEN,BGFA BÉNIN
PRT-0122-BJ,COMPACTEUR,XCMG,2019,5,LITTORAL,190000,BON,UAB
PRT-0123-BJ,FINISSEUR ASPHALTE,HITACHI,2022,2,PLATEAU,35000,BON,COLINA
PRT-0124-BJ,CAMION BENNE,FOTON,2015,9,COLLINES,203000,BON,SOBAC
PRT-0125-BJ,GRUE MOBILE,CATERPILLAR,2013,11,ZOU,228000,MAUVAIS,UAB
PRT-0126-BJ,NIVELEUSE,DOOSAN,2013,11,LITTORAL,394000,MOYEN,BGFA BÉNIN
PRT-0127-BJ,NIVELEUSE,KOMATSU,2020,4,OUÉMÉ,148000,BON,NSIA BÉNIN
PRT-0128-BJ,CHARGEUR,SANY,2018,6,BORGOU,169000,BON,BGFA BÉNIN
PRT-0129-BJ,CAMION CITERNE,MERCEDES-BENZ,2019,5,LITTORAL,94000,BON,BGFA BÉNIN
PRT-0130-BJ,VÉHICULE LÉGER 4X4,MITSUBISHI,2005,19,COLLINES,542000,MAUVAIS,NSIA BÉNIN
PRT-0131-BJ,CAMION BENNE,SINO TRUCK,2020,4,COLLINES,87000,MOYEN,SAAR-BÉNIN
PRT-0132-BJ,NIVELEUSE,XCMG,2019,5,ATACORA,80000,BON,SOBAC
PRT-0133-BJ,COMPACTEUR,VOLVO CE,2010,14,ATLANTIQUE,397000,MOYEN,NSIA BÉNIN
PRT-0134-BJ,CAMION BENNE,MAN,2019,5,DONGA,100000,BON,UAB
PRT-0135-BJ,CAMION MALAXEUR BÉTON,IVECO,2021,3,BORGOU,86000,BON,BGFA BÉNIN
PRT-0136-BJ,NIVELEUSE,DOOSAN,2012,12,PLATEAU,255000,BON,COLINA
PRT-0137-BJ,NIVELEUSE,LIEBHERR,2007,17,ATLANTIQUE,486000,MAUVAIS,SAAR-BÉNIN
PRT-0138-BJ,CAMION MALAXEUR BÉTON,FAW,2013,11,ALIBORI,273000,MOYEN,BGFA BÉNIN
PRT-0139-BJ,COMPACTEUR,DOOSAN,2009,15,PLATEAU,388000,MAUVAIS,COLINA
PRT-0140-BJ,CAMION CITERNE,FOTON,2019,5,DONGA,189000,MOYEN,ALLIANZ BÉNIN
PRT-0141-BJ,COMPACTEUR,VOLVO CE,2018,6,LITTORAL,229000,MOYEN,BGFA BÉNIN
PRT-0142-BJ,VÉHICULE LÉGER 4X4,LAND ROVER,2009,15,PLATEAU,472000,MOYEN,COLINA
PRT-0143-BJ,VÉHICULE LÉGER 4X4,TOYOTA,2019,5,LITTORAL,78000,MOYEN,SOBAC
PRT-0144-BJ,CAMION BENNE,VOLVO,2007,17,PLATEAU,444000,MAUVAIS,COLINA
PRT-0145-BJ,PELLE HYDRAULIQUE,KOMATSU,2015,9,ALIBORI,247000,MAUVAIS,SAAR-BÉNIN
PRT-0146-BJ,COMPACTEUR,DOOSAN,2022,2,LITTORAL,34000,BON,ALLIANZ BÉNIN
PRT-0147-BJ,PELLE HYDRAULIQUE,XCMG,2012,12,BORGOU,219000,MOYEN,BGFA BÉNIN
PRT-0148-BJ,PELLE HYDRAULIQUE,KOMATSU,2019,5,LITTORAL,80000,BON,NSIA BÉNIN
PRT-0149-BJ,VÉHICULE LÉGER 4X4,TOYOTA,2014,10,OUÉMÉ,230000,MOYEN,COLINA
PRT-0150-BJ,VÉHICULE LÉGER 4X4,LAND ROVER,2010,14,LITTORAL,609000,MOYEN,UAB
PRT-0151-BJ,COMPACTEUR,VOLVO CE,2020,4,ATACORA,120000,BON,SOBAC
PRT-0152-BJ,CAMION BENNE,IVECO,2005,19,ATACORA,464000,MAUVAIS,SOBAC
PRT-0153-BJ,NIVELEUSE,KOMATSU,2019,5,DONGA,124000,MOYEN,SOBAC
PRT-0154-BJ,CAMION PLATEAU,IVECO,2019,5,ALIBORI,138000,BON,BGFA BÉNIN
PRT-0155-BJ,NIVELEUSE,VOLVO CE,2017,7,ZOU,265000,BON,SAAR-BÉNIN
PRT-0156-BJ,CAMION BENNE,FOTON,2013,11,LITTORAL,446000,MAUVAIS,SOBAC
PRT-0157-BJ,CAMION PLATEAU,SHACMAN,2014,10,BORGOU,413000,MOYEN,SAAR-BÉNIN
PRT-0158-BJ,CAMION BENNE,DAF,2013,11,BORGOU,403000,MAUVAIS,SOBAC
PRT-0159-BJ,GRUE MOBILE,KOMATSU,2006,18,ATLANTIQUE,612000,MAUVAIS,SAAR-BÉNIN
PRT-0160-BJ,BULLDOZER,KOMATSU,2014,10,ATLANTIQUE,216000,MOYEN,ALLIANZ BÉNIN
PRT-0161-BJ,CAMION CITERNE,SINO TRUCK,2021,3,ZOU,72000,BON,BGFA BÉNIN
PRT-0162-BJ,CAMION BENNE,SHACMAN,2014,10,BORGOU,188000,MOYEN,UAB
PRT-0163-BJ,CAMION PLATEAU,VOLVO,2012,12,ATACORA,336000,MAUVAIS,BGFA BÉNIN
PRT-0164-BJ,CAMION CITERNE,SINO TRUCK,2007,17,ALIBORI,554000,MOYEN,NSIA BÉNIN
PRT-0165-BJ,VÉHICULE LÉGER 4X4,LAND ROVER,2013,11,ZOU,299000,MAUVAIS,NSIA BÉNIN
PRT-0166-BJ,PELLE HYDRAULIQUE,DOOSAN,2005,19,COLLINES,489000,MAUVAIS,COLINA
PRT-0167-BJ,CAMION BENNE,MAN,2019,5,ATACORA,142000,BON,NSIA BÉNIN
PRT-0168-BJ,CAMION BENNE,MERCEDES-BENZ,2014,10,COUFFO,227000,BON,COLINA
PRT-0169-BJ,CAMION BENNE,SHACMAN,2016,8,BORGOU,262000,MAUVAIS,UAB
PRT-0170-BJ,COMPACTEUR,LIEBHERR,2018,6,COLLINES,211000,MOYEN,UAB
PRT-0171-BJ,CAMION MALAXEUR BÉTON,IVECO,2006,18,BORGOU,532000,MOYEN,ALLIANZ BÉNIN
PRT-0172-BJ,CHARGEUR,KOMATSU,2016,8,ZOU,214000,MAUVAIS,NSIA BÉNIN
PRT-0173-BJ,VÉHICULE LÉGER 4X4,NISSAN,2008,16,DONGA,288000,MAUVAIS,SOBAC
PRT-0174-BJ,CAMION BENNE,MERCEDES-BENZ,2006,18,BORGOU,344000,MOYEN,BGFA BÉNIN
PRT-0175-BJ,COMPACTEUR,KOMATSU,2022,2,ATLANTIQUE,44000,BON,BGFA BÉNIN
PRT-0176-BJ,CHARGEUR,SANY,2009,15,BORGOU,361000,MAUVAIS,BGFA BÉNIN
PRT-0177-BJ,CAMION PLATEAU,VOLVO,2022,2,ATLANTIQUE,41000,BON,NSIA BÉNIN
PRT-0178-BJ,PELLE HYDRAULIQUE,CATERPILLAR,2009,15,LITTORAL,342000,MAUVAIS,COLINA
PRT-0179-BJ,VÉHICULE LÉGER 4X4,NISSAN,2013,11,LITTORAL,355000,MAUVAIS,NSIA BÉNIN
PRT-0180-BJ,BULLDOZER,DOOSAN,2019,5,BORGOU,93000,BON,UAB
PRT-0181-BJ,NIVELEUSE,CATERPILLAR,2021,3,ATLANTIQUE,108000,BON,NSIA BÉNIN
PRT-0182-BJ,CAMION BENNE,SHACMAN,2017,7,OUÉMÉ,268000,BON,UAB
PRT-0183-BJ,CAMION BENNE,MAN,2015,9,COLLINES,216000,BON,COLINA
PRT-0184-BJ,PELLE HYDRAULIQUE,HITACHI,2015,9,OUÉMÉ,222000,MOYEN,UAB
PRT-0185-BJ,NIVELEUSE,JCB,2008,16,ALIBORI,583000,MOYEN,SOBAC
PRT-0186-BJ,CHARGEUR,HITACHI,2011,13,OUÉMÉ,371000,MAUVAIS,SAAR-BÉNIN
PRT-0187-BJ,GRUE MOBILE,JCB,2018,6,BORGOU,151000,BON,SOBAC
PRT-0188-BJ,CAMION BENNE,VOLVO,2020,4,LITTORAL,72000,MOYEN,UAB
PRT-0189-BJ,CAMION BENNE,SINO TRUCK,2009,15,ZOU,501000,MAUVAIS,COLINA
PRT-0190-BJ,VÉHICULE LÉGER 4X4,TOYOTA,2018,6,OUÉMÉ,238000,BON,UAB
PRT-0191-BJ,CHARGEUR,CATERPILLAR,2014,10,COLLINES,339000,MOYEN,COLINA
PRT-0192-BJ,CAMION BENNE,SHACMAN,2012,12,ALIBORI,399000,MOYEN,SAAR-BÉNIN
PRT-0193-BJ,CAMION BENNE,IVECO,2012,12,ALIBORI,482000,MAUVAIS,BGFA BÉNIN
PRT-0194-BJ,COMPACTEUR,HITACHI,2005,19,COLLINES,717000,MAUVAIS,SAAR-BÉNIN
PRT-0195-BJ,CAMION BENNE,IVECO,2014,10,DONGA,209000,MOYEN,BGFA BÉNIN
PRT-0196-BJ,CAMION BENNE,FOTON,2007,17,LITTORAL,272000,MAUVAIS,NSIA BÉNIN
PRT-0197-BJ,BULLDOZER,VOLVO CE,2017,7,OUÉMÉ,190000,BON,SAAR-BÉNIN
PRT-0198-BJ,BULLDOZER,KOMATSU,2006,18,LITTORAL,299000,MAUVAIS,SOBAC
PRT-0199-BJ,CAMION BENNE,SHACMAN,2018,6,PLATEAU,144000,BON,ALLIANZ BÉNIN
PRT-0200-BJ,BULLDOZER,KOMATSU,2016,8,OUÉMÉ,298000,MOYEN,COLINA
PRT-0201-BJ,NIVELEUSE,XCMG,2006,18,ATLANTIQUE,302000,MAUVAIS,NSIA BÉNIN
PRT-0202-BJ,CAMION BENNE,DAF,2009,15,BORGOU,284000,MOYEN,NSIA BÉNIN
PRT-0203-BJ,NIVELEUSE,JCB,2010,14,LITTORAL,316000,MAUVAIS,COLINA
PRT-0204-BJ,NIVELEUSE,SANY,2007,17,OUÉMÉ,498000,MAUVAIS,NSIA BÉNIN
PRT-0205-BJ,VÉHICULE LÉGER 4X4,TOYOTA,2015,9,ZOU,344000,MOYEN,SOBAC
PRT-0206-BJ,VÉHICULE LÉGER 4X4,TOYOTA,2017,7,LITTORAL,289000,BON,COLINA
PRT-0207-BJ,VÉHICULE LÉGER 4X4,LAND ROVER,2016,8,LITTORAL,184000,MAUVAIS,UAB
PRT-0208-BJ,COMPACTEUR,HITACHI,2007,17,OUÉMÉ,444000,MOYEN,ALLIANZ BÉNIN
PRT-0209-BJ,VÉHICULE LÉGER 4X4,NISSAN,2007,17,ZOU,539000,MOYEN,ALLIANZ BÉNIN
PRT-0210-BJ,CAMION MALAXEUR BÉTON,SINO TRUCK,2016,8,BORGOU,334000,MAUVAIS,ALLIANZ BÉNIN
PRT-0211-BJ,CAMION BENNE,VOLVO,2013,11,LITTORAL,439000,MOYEN,BGFA BÉNIN
PRT-0212-BJ,PELLE HYDRAULIQUE,LIEBHERR,2020,4,PLATEAU,136000,BON,UAB
PRT-0213-BJ,PELLE HYDRAULIQUE,SANY,2015,9,LITTORAL,265000,BON,SOBAC
PRT-0214-BJ,VÉHICULE LÉGER 4X4,FORD,2006,18,OUÉMÉ,542000,MOYEN,UAB
PRT-0215-BJ,CAMION BENNE,SINO TRUCK,2014,10,LITTORAL,430000,MAUVAIS,NSIA BÉNIN
PRT-0216-BJ,COMPACTEUR,HITACHI,2017,7,PLATEAU,287000,BON,SOBAC
PRT-0217-BJ,CHARGEUR,DOOSAN,2011,13,ATLANTIQUE,259000,MAUVAIS,NSIA BÉNIN
PRT-0218-BJ,VÉHICULE LÉGER 4X4,FORD,2007,17,ZOU,393000,MOYEN,SOBAC
PRT-0219-BJ,VÉHICULE LÉGER 4X4,ISUZU,2021,3,ZOU,61000,BON,SAAR-BÉNIN
PRT-0220-BJ,VÉHICULE LÉGER 4X4,FORD,2017,7,OUÉMÉ,242000,BON,NSIA BÉNIN
PRT-0221-BJ,CAMION CITERNE,SINO TRUCK,2007,17,ATLANTIQUE,470000,MAUVAIS,SAAR-BÉNIN
PRT-0222-BJ,CAMION BENNE,VOLVO,2015,9,LITTORAL,238000,MOYEN,SAAR-BÉNIN
PRT-0223-BJ,CAMION PLATEAU,FOTON,2009,15,COLLINES,377000,MAUVAIS,COLINA
PRT-0224-BJ,VÉHICULE LÉGER 4X4,FORD,2009,15,BORGOU,588000,MAUVAIS,SOBAC
PRT-0225-BJ,CAMION MALAXEUR BÉTON,MAN,2018,6,ZOU,151000,BON,ALLIANZ BÉNIN
PRT-0226-BJ,FINISSEUR ASPHALTE,SANY,2020,4,LITTORAL,80000,MOYEN,NSIA BÉNIN
PRT-0227-BJ,VÉHICULE LÉGER 4X4,TOYOTA,2021,3,BORGOU,127000,BON,SOBAC
PRT-0228-BJ,CHARGEUR,CATERPILLAR,2015,9,ATACORA,311000,MOYEN,UAB
PRT-0229-BJ,CAMION BENNE,VOLVO,2010,14,BORGOU,377000,MOYEN,SOBAC
PRT-0230-BJ,BULLDOZER,DOOSAN,2014,10,BORGOU,227000,MAUVAIS,COLINA
PRT-0231-BJ,CAMION BENNE,SHACMAN,2011,13,OUÉMÉ,383000,MAUVAIS,UAB
PRT-0232-BJ,CAMION CITERNE,FOTON,2021,3,ZOU,61000,BON,BGFA BÉNIN
PRT-0233-BJ,CAMION BENNE,VOLVO,2013,11,LITTORAL,299000,MOYEN,COLINA
PRT-0234-BJ,CAMION MALAXEUR BÉTON,FAW,2008,16,ATLANTIQUE,383000,MAUVAIS,UAB
PRT-0235-BJ,CAMION MALAXEUR BÉTON,VOLVO,2018,6,LITTORAL,251000,MOYEN,UAB
PRT-0236-BJ,CHARGEUR,CATERPILLAR,2018,6,LITTORAL,136000,BON,UAB
PRT-0237-BJ,CAMION PLATEAU,SINO TRUCK,2012,12,LITTORAL,510000,MAUVAIS,SOBAC
PRT-0238-BJ,PELLE HYDRAULIQUE,LIEBHERR,2009,15,LITTORAL,457000,MAUVAIS,SOBAC
PRT-0239-BJ,GRUE MOBILE,DOOSAN,2019,5,COLLINES,78000,MOYEN,SAAR-BÉNIN
PRT-0240-BJ,CAMION BENNE,VOLVO,2022,2,DONGA,70000,BON,COLINA
PRT-0241-BJ,VÉHICULE LÉGER 4X4,FORD,2012,12,ATLANTIQUE,345000,BON,SOBAC
PRT-0242-BJ,CAMION CITERNE,SHACMAN,2007,17,LITTORAL,587000,MAUVAIS,COLINA
PRT-0243-BJ,CAMION BENNE,FAW,2012,12,BORGOU,181000,MOYEN,COLINA
PRT-0244-BJ,VÉHICULE LÉGER 4X4,MITSUBISHI,2018,6,LITTORAL,193000,BON,SAAR-BÉNIN
PRT-0245-BJ,CAMION BENNE,FAW,2022,2,ZOU,63000,BON,COLINA
PRT-0246-BJ,CAMION BENNE,SHACMAN,2006,18,COLLINES,420000,MAUVAIS,SOBAC
PRT-0247-BJ,CAMION BENNE,MAN,2016,8,ATLANTIQUE,147000,MOYEN,BGFA BÉNIN
PRT-0248-BJ,COMPACTEUR,SANY,2009,15,LITTORAL,625000,MAUVAIS,SOBAC
PRT-0249-BJ,CAMION BENNE,SHACMAN,2020,4,COLLINES,68000,MOYEN,SOBAC
PRT-0250-BJ,CAMION CITERNE,SHACMAN,2006,18,ATLANTIQUE,388000,MOYEN,NSIA BÉNIN
PRT-0251-BJ,VÉHICULE LÉGER 4X4,FORD,2021,3,OUÉMÉ,125000,BON,COLINA
PRT-0252-BJ,VÉHICULE LÉGER 4X4,TOYOTA,2011,13,ATLANTIQUE,215000,MAUVAIS,BGFA BÉNIN
PRT-0253-BJ,PELLE HYDRAULIQUE,XCMG,2008,16,ALIBORI,450000,MAUVAIS,SOBAC
PRT-0254-BJ,VÉHICULE LÉGER 4X4,ISUZU,2015,9,MONO,282000,MOYEN,SAAR-BÉNIN
PRT-0255-BJ,CAMION MALAXEUR BÉTON,FAW,2013,11,ALIBORI,193000,MAUVAIS,UAB
PRT-0256-BJ,COMPACTEUR,LIEBHERR,2022,2,ATLANTIQUE,37000,BON,NSIA BÉNIN
PRT-0257-BJ,VÉHICULE LÉGER 4X4,FORD,2014,10,PLATEAU,205000,MAUVAIS,SOBAC
PRT-0258-BJ,VÉHICULE LÉGER 4X4,ISUZU,2006,18,BORGOU,633000,MAUVAIS,UAB
PRT-0259-BJ,CAMION BENNE,MERCEDES-BENZ,2007,17,BORGOU,541000,MAUVAIS,BGFA BÉNIN
PRT-0260-BJ,BULLDOZER,LIEBHERR,2005,19,LITTORAL,771000,MAUVAIS,UAB
PRT-0261-BJ,CAMION BENNE,MAN,2012,12,BORGOU,331000,MOYEN,COLINA
PRT-0262-BJ,CAMION BENNE,VOLVO,2019,5,DONGA,200000,BON,NSIA BÉNIN
PRT-0263-BJ,COMPACTEUR,HITACHI,2016,8,OUÉMÉ,185000,MOYEN,NSIA BÉNIN
PRT-0264-BJ,CAMION BENNE,VOLVO,2020,4,ZOU,75000,MOYEN,SAAR-BÉNIN
PRT-0265-BJ,CAMION CITERNE,SHACMAN,2011,13,COUFFO,404000,MOYEN,ALLIANZ BÉNIN
PRT-0266-BJ,CAMION BENNE,MAN,2019,5,LITTORAL,89000,MOYEN,BGFA BÉNIN
PRT-0267-BJ,PELLE HYDRAULIQUE,SANY,2016,8,BORGOU,196000,MOYEN,SAAR-BÉNIN
PRT-0268-BJ,CHARGEUR,LIEBHERR,2016,8,ZOU,173000,BON,BGFA BÉNIN
PRT-0269-BJ,CAMION BENNE,SHACMAN,2005,19,OUÉMÉ,576000,MAUVAIS,BGFA BÉNIN
PRT-0270-BJ,CAMION PLATEAU,VOLVO,2007,17,LITTORAL,654000,MAUVAIS,SOBAC
PRT-0271-BJ,VÉHICULE LÉGER 4X4,ISUZU,2018,6,ALIBORI,152000,BON,SOBAC
PRT-0272-BJ,CAMION BENNE,SHACMAN,2021,3,OUÉMÉ,131000,BON,BGFA BÉNIN
PRT-0273-BJ,CAMION CITERNE,VOLVO,2009,15,OUÉMÉ,252000,MAUVAIS,BGFA BÉNIN
PRT-0274-BJ,CAMION BENNE,VOLVO,2014,10,LITTORAL,382000,MOYEN,ALLIANZ BÉNIN
PRT-0275-BJ,VÉHICULE LÉGER 4X4,MITSUBISHI,2014,10,ALIBORI,358000,MOYEN,COLINA
PRT-0276-BJ,CAMION BENNE,IVECO,2022,2,LITTORAL,72000,BON,ALLIANZ BÉNIN
PRT-0277-BJ,COMPACTEUR,LIEBHERR,2010,14,COLLINES,488000,MAUVAIS,SAAR-BÉNIN
PRT-0278-BJ,GRUE MOBILE,CATERPILLAR,2005,19,LITTORAL,765000,MAUVAIS,COLINA
PRT-0279-BJ,CAMION BENNE,DAF,2018,6,COLLINES,265000,BON,SOBAC
PRT-0280-BJ,NIVELEUSE,XCMG,2020,4,ATLANTIQUE,113000,MOYEN,SAAR-BÉNIN
PRT-0281-BJ,VÉHICULE LÉGER 4X4,LAND ROVER,2006,18,LITTORAL,544000,MAUVAIS,ALLIANZ BÉNIN
PRT-0282-BJ,VÉHICULE LÉGER 4X4,NISSAN,2015,9,ATACORA,389000,MOYEN,SAAR-BÉNIN
PRT-0283-BJ,CAMION PLATEAU,VOLVO,2016,8,ZOU,183000,BON,UAB
PRT-0284-BJ,CAMION BENNE,SHACMAN,2012,12,LITTORAL,331000,BON,BGFA BÉNIN
PRT-0285-BJ,COMPACTEUR,VOLVO CE,2010,14,ALIBORI,541000,MAUVAIS,SAAR-BÉNIN
PRT-0286-BJ,CAMION BENNE,VOLVO,2020,4,COUFFO,175000,BON,SAAR-BÉNIN
PRT-0287-BJ,NIVELEUSE,KOMATSU,2017,7,ZOU,154000,MOYEN,COLINA
PRT-0288-BJ,VÉHICULE LÉGER 4X4,TOYOTA,2014,10,PLATEAU,364000,MAUVAIS,SOBAC
PRT-0289-BJ,VÉHICULE LÉGER 4X4,MITSUBISHI,2005,19,ALIBORI,834000,MAUVAIS,SAAR-BÉNIN
PRT-0290-BJ,BULLDOZER,JCB,2016,8,LITTORAL,267000,BON,ALLIANZ BÉNIN
PRT-0291-BJ,VÉHICULE LÉGER 4X4,FORD,2007,17,OUÉMÉ,561000,MAUVAIS,SAAR-BÉNIN
PRT-0292-BJ,GRUE MOBILE,KOMATSU,2009,15,MONO,616000,MAUVAIS,SAAR-BÉNIN
PRT-0293-BJ,NIVELEUSE,SANY,2009,15,LITTORAL,471000,MAUVAIS,NSIA BÉNIN
PRT-0294-BJ,CAMION BENNE,VOLVO,2015,9,ALIBORI,179000,MOYEN,COLINA
PRT-0295-BJ,CHARGEUR,LIEBHERR,2015,9,DONGA,251000,MOYEN,COLINA
PRT-0296-BJ,BULLDOZER,XCMG,2015,9,ZOU,279000,MOYEN,SOBAC
PRT-0297-BJ,COMPACTEUR,DOOSAN,2005,19,OUÉMÉ,544000,MAUVAIS,COLINA
PRT-0298-BJ,VÉHICULE LÉGER 4X4,LAND ROVER,2005,19,COLLINES,693000,MOYEN,BGFA BÉNIN
PRT-0299-BJ,CAMION PLATEAU,DAF,2006,18,ZOU,641000,MOYEN,SOBAC
PRT-0300-BJ,COMPACTEUR,JCB,2009,15,ALIBORI,506000,MOYEN,SOBAC
PRT-0301-BJ,CAMION BENNE,MERCEDES-BENZ,2019,5,ATLANTIQUE,188000,BON,ALLIANZ BÉNIN
PRT-0302-BJ,VÉHICULE LÉGER 4X4,MITSUBISHI,2020,4,ATACORA,68000,MOYEN,SOBAC
PRT-0303-BJ,CAMION BENNE,DAF,2022,2,ATLANTIQUE,73000,BON,UAB
PRT-0304-BJ,NIVELEUSE,SANY,2010,14,PLATEAU,461000,MAUVAIS,SAAR-BÉNIN
PRT-0305-BJ,PELLE HYDRAULIQUE,XCMG,2020,4,LITTORAL,133000,BON,SAAR-BÉNIN
PRT-0306-BJ,CAMION BENNE,IVECO,2014,10,BORGOU,310000,MOYEN,SAAR-BÉNIN
PRT-0307-BJ,VÉHICULE LÉGER 4X4,MITSUBISHI,2013,11,ATLANTIQUE,361000,MOYEN,UAB
PRT-0308-BJ,CHARGEUR,JCB,2016,8,DONGA,196000,MAUVAIS,NSIA BÉNIN
PRT-0309-BJ,VÉHICULE LÉGER 4X4,LAND ROVER,2007,17,OUÉMÉ,398000,MAUVAIS,SOBAC
PRT-0310-BJ,VÉHICULE LÉGER 4X4,NISSAN,2022,2,ATLANTIQUE,67000,BON,SOBAC
PRT-0311-BJ,CAMION BENNE,MAN,2012,12,ATLANTIQUE,389000,MOYEN,ALLIANZ BÉNIN
PRT-0312-BJ,PELLE HYDRAULIQUE,CATERPILLAR,2008,16,OUÉMÉ,293000,MAUVAIS,SOBAC
PRT-0313-BJ,CAMION CITERNE,MERCEDES-BENZ,2022,2,MONO,40000,BON,UAB
PRT-0314-BJ,PELLE HYDRAULIQUE,DOOSAN,2020,4,COLLINES,98000,MOYEN,SAAR-BÉNIN
PRT-0315-BJ,VÉHICULE LÉGER 4X4,TOYOTA,2007,17,COLLINES,666000,MOYEN,SOBAC
PRT-0316-BJ,CHARGEUR,CATERPILLAR,2010,14,OUÉMÉ,227000,MAUVAIS,BGFA BÉNIN
PRT-0317-BJ,VÉHICULE LÉGER 4X4,ISUZU,2010,14,DONGA,343000,MAUVAIS,NSIA BÉNIN
PRT-0318-BJ,CAMION BENNE,MAN,2015,9,ATLANTIQUE,295000,MAUVAIS,COLINA
PRT-0319-BJ,NIVELEUSE,LIEBHERR,2021,3,PLATEAU,64000,BON,BGFA BÉNIN
PRT-0320-BJ,CAMION BENNE,VOLVO,2019,5,COLLINES,77000,MOYEN,SOBAC
PRT-0321-BJ,VÉHICULE LÉGER 4X4,FORD,2011,13,LITTORAL,577000,MAUVAIS,UAB
PRT-0322-BJ,GRUE MOBILE,HITACHI,2015,9,LITTORAL,189000,MOYEN,ALLIANZ BÉNIN
PRT-0323-BJ,VÉHICULE LÉGER 4X4,NISSAN,2005,19,ATLANTIQUE,754000,MOYEN,SAAR-BÉNIN
PRT-0324-BJ,FINISSEUR ASPHALTE,XCMG,2005,19,ATLANTIQUE,432000,MAUVAIS,NSIA BÉNIN
PRT-0325-BJ,PELLE HYDRAULIQUE,DOOSAN,2014,10,LITTORAL,443000,MOYEN,SOBAC
PRT-0326-BJ,CAMION CITERNE,MAN,2014,10,OUÉMÉ,194000,MOYEN,UAB
PRT-0327-BJ,CAMION BENNE,SINO TRUCK,2018,6,BORGOU,239000,MOYEN,COLINA
PRT-0328-BJ,CAMION CITERNE,DAF,2012,12,BORGOU,490000,MOYEN,NSIA BÉNIN
PRT-0329-BJ,NIVELEUSE,HITACHI,2016,8,LITTORAL,136000,MOYEN,BGFA BÉNIN
PRT-0330-BJ,NIVELEUSE,HITACHI,2011,13,ZOU,335000,MOYEN,BGFA BÉNIN
PRT-0331-BJ,NIVELEUSE,KOMATSU,2011,13,BORGOU,578000,MAUVAIS,COLINA
PRT-0332-BJ,VÉHICULE LÉGER 4X4,TOYOTA,2019,5,LITTORAL,167000,BON,NSIA BÉNIN
PRT-0333-BJ,NIVELEUSE,XCMG,2005,19,OUÉMÉ,749000,MAUVAIS,ALLIANZ BÉNIN
PRT-0334-BJ,COMPACTEUR,CATERPILLAR,2018,6,OUÉMÉ,102000,BON,NSIA BÉNIN
PRT-0335-BJ,CAMION PLATEAU,SHACMAN,2006,18,ATLANTIQUE,350000,MOYEN,BGFA BÉNIN
PRT-0336-BJ,PELLE HYDRAULIQUE,JCB,2016,8,COUFFO,348000,MOYEN,UAB
PRT-0337-BJ,VÉHICULE LÉGER 4X4,LAND ROVER,2022,2,LITTORAL,86000,BON,SAAR-BÉNIN
PRT-0338-BJ,CAMION BENNE,FAW,2017,7,ZOU,156000,MOYEN,BGFA BÉNIN
PRT-0339-BJ,CAMION BENNE,MERCEDES-BENZ,2014,10,PLATEAU,289000,MAUVAIS,COLINA
PRT-0340-BJ,VÉHICULE LÉGER 4X4,NISSAN,2012,12,PLATEAU,254000,BON,SOBAC
PRT-0341-BJ,CAMION CITERNE,MERCEDES-BENZ,2018,6,COLLINES,265000,MOYEN,NSIA BÉNIN
PRT-0342-BJ,CAMION BENNE,MAN,2008,16,COLLINES,592000,MAUVAIS,SOBAC
PRT-0343-BJ,CHARGEUR,VOLVO CE,2006,18,OUÉMÉ,398000,MOYEN,BGFA BÉNIN
PRT-0344-BJ,CHARGEUR,CATERPILLAR,2009,15,ZOU,626000,MOYEN,SOBAC
PRT-0345-BJ,COMPACTEUR,SANY,2012,12,ATLANTIQUE,440000,BON,COLINA
PRT-0346-BJ,CAMION BENNE,IVECO,2013,11,LITTORAL,482000,MAUVAIS,SOBAC
PRT-0347-BJ,CAMION MALAXEUR BÉTON,FOTON,2022,2,PLATEAU,53000,BON,SOBAC
PRT-0348-BJ,PELLE HYDRAULIQUE,HITACHI,2015,9,BORGOU,223000,MOYEN,UAB
PRT-0349-BJ,CAMION BENNE,FAW,2020,4,ATLANTIQUE,172000,BON,SOBAC
PRT-0350-BJ,CAMION BENNE,SHACMAN,2006,18,ZOU,599000,MAUVAIS,COLINA
PRT-0351-BJ,CAMION BENNE,DAF,2013,11,ATLANTIQUE,327000,MOYEN,BGFA BÉNIN
PRT-0352-BJ,VÉHICULE LÉGER 4X4,MITSUBISHI,2011,13,LITTORAL,453000,MAUVAIS,COLINA
PRT-0353-BJ,CAMION BENNE,MAN,2011,13,ALIBORI,481000,MAUVAIS,COLINA
PRT-0354-BJ,CAMION BENNE,DAF,2015,9,ATLANTIQUE,197000,MAUVAIS,ALLIANZ BÉNIN
PRT-0355-BJ,CAMION PLATEAU,MAN,2020,4,ATACORA,152000,BON,ALLIANZ BÉNIN
PRT-0356-BJ,VÉHICULE LÉGER 4X4,NISSAN,2022,2,ATLANTIQUE,49000,BON,UAB
PRT-0357-BJ,VÉHICULE LÉGER 4X4,LAND ROVER,2016,8,ATLANTIQUE,351000,MOYEN,UAB
PRT-0358-BJ,VÉHICULE LÉGER 4X4,LAND ROVER,2020,4,BORGOU,87000,BON,SAAR-BÉNIN
PRT-0359-BJ,VÉHICULE LÉGER 4X4,TOYOTA,2012,12,BORGOU,398000,BON,COLINA
PRT-0360-BJ,COMPACTEUR,JCB,2014,10,LITTORAL,274000,MOYEN,COLINA
PRT-0361-BJ,GRUE MOBILE,DOOSAN,2022,2,COLLINES,75000,BON,SAAR-BÉNIN
PRT-0362-BJ,CAMION BENNE,SHACMAN,2020,4,PLATEAU,106000,MOYEN,ALLIANZ BÉNIN
PRT-0363-BJ,CAMION BENNE,FAW,2020,4,LITTORAL,144000,MOYEN,NSIA BÉNIN
PRT-0364-BJ,NIVELEUSE,KOMATSU,2006,18,BORGOU,767000,MAUVAIS,SOBAC
PRT-0365-BJ,CAMION BENNE,VOLVO,2005,19,ATLANTIQUE,323000,MAUVAIS,COLINA
PRT-0366-BJ,PELLE HYDRAULIQUE,DOOSAN,2020,4,LITTORAL,114000,BON,NSIA BÉNIN
PRT-0367-BJ,CAMION BENNE,IVECO,2022,2,MONO,31000,BON,COLINA
PRT-0368-BJ,CAMION CITERNE,FOTON,2010,14,LITTORAL,278000,MOYEN,ALLIANZ BÉNIN
PRT-0369-BJ,CAMION BENNE,FAW,2013,11,ALIBORI,308000,MOYEN,NSIA BÉNIN
PRT-0370-BJ,VÉHICULE LÉGER 4X4,ISUZU,2019,5,ZOU,112000,MOYEN,SAAR-BÉNIN
PRT-0371-BJ,PELLE HYDRAULIQUE,KOMATSU,2006,18,LITTORAL,596000,MAUVAIS,UAB
PRT-0372-BJ,CAMION BENNE,MERCEDES-BENZ,2010,14,LITTORAL,506000,MAUVAIS,BGFA BÉNIN
PRT-0373-BJ,VÉHICULE LÉGER 4X4,TOYOTA,2021,3,ATACORA,68000,BON,ALLIANZ BÉNIN
PRT-0374-BJ,CAMION MALAXEUR BÉTON,SHACMAN,2013,11,LITTORAL,266000,BON,COLINA
PRT-0375-BJ,COMPACTEUR,CATERPILLAR,2010,14,DONGA,305000,MOYEN,COLINA
PRT-0376-BJ,CAMION BENNE,FOTON,2007,17,ATLANTIQUE,571000,MAUVAIS,BGFA BÉNIN
PRT-0377-BJ,GRUE MOBILE,HITACHI,2015,9,OUÉMÉ,368000,MAUVAIS,SOBAC
PRT-0378-BJ,BULLDOZER,HITACHI,2016,8,LITTORAL,340000,MOYEN,NSIA BÉNIN
PRT-0379-BJ,VÉHICULE LÉGER 4X4,MITSUBISHI,2017,7,MONO,250000,BON,SAAR-BÉNIN
PRT-0380-BJ,CAMION CITERNE,SHACMAN,2020,4,ATLANTIQUE,109000,BON,UAB
PRT-0381-BJ,CAMION BENNE,FOTON,2007,17,BORGOU,392000,MOYEN,SOBAC
PRT-0382-BJ,CAMION BENNE,IVECO,2009,15,OUÉMÉ,301000,MAUVAIS,SOBAC
PRT-0383-BJ,VÉHICULE LÉGER 4X4,FORD,2008,16,LITTORAL,473000,MAUVAIS,SAAR-BÉNIN
PRT-0384-BJ,CAMION CITERNE,MAN,2009,15,LITTORAL,499000,MAUVAIS,COLINA
PRT-0385-BJ,NIVELEUSE,KOMATSU,2005,19,LITTORAL,657000,MAUVAIS,COLINA
PRT-0386-BJ,CAMION CITERNE,FOTON,2005,19,ATLANTIQUE,338000,MAUVAIS,SOBAC
PRT-0387-BJ,CAMION MALAXEUR BÉTON,DAF,2021,3,LITTORAL,82000,BON,ALLIANZ BÉNIN
PRT-0388-BJ,CAMION BENNE,IVECO,2013,11,PLATEAU,322000,BON,SAAR-BÉNIN
PRT-0389-BJ,VÉHICULE LÉGER 4X4,ISUZU,2007,17,OUÉMÉ,657000,MAUVAIS,SOBAC
PRT-0390-BJ,NIVELEUSE,VOLVO CE,2019,5,LITTORAL,140000,BON,SAAR-BÉNIN
PRT-0391-BJ,GRUE MOBILE,JCB,2015,9,PLATEAU,378000,MOYEN,BGFA BÉNIN
PRT-0392-BJ,PELLE HYDRAULIQUE,LIEBHERR,2014,10,ATLANTIQUE,216000,MAUVAIS,UAB
PRT-0393-BJ,VÉHICULE LÉGER 4X4,ISUZU,2015,9,ATLANTIQUE,280000,MOYEN,COLINA
PRT-0394-BJ,CAMION CITERNE,SINO TRUCK,2017,7,ATLANTIQUE,189000,MOYEN,NSIA BÉNIN
PRT-0395-BJ,CAMION MALAXEUR BÉTON,DAF,2022,2,LITTORAL,80000,BON,COLINA
PRT-0396-BJ,CAMION BENNE,SHACMAN,2011,13,OUÉMÉ,490000,MOYEN,NSIA BÉNIN
PRT-0397-BJ,CAMION CITERNE,FOTON,2020,4,LITTORAL,93000,BON,SOBAC
PRT-0398-BJ,CAMION BENNE,FOTON,2017,7,LITTORAL,215000,MOYEN,COLINA
PRT-0399-BJ,VÉHICULE LÉGER 4X4,MITSUBISHI,2018,6,ZOU,161000,MOYEN,SOBAC
PRT-0400-BJ,CHARGEUR,HITACHI,2007,17,LITTORAL,625000,MOYEN,SAAR-BÉNIN
PRT-0401-BJ,CAMION BENNE,MERCEDES-BENZ,2017,7,MONO,288000,BON,UAB
PRT-0402-BJ,CAMION BENNE,MAN,2013,11,ATLANTIQUE,366000,MAUVAIS,COLINA
PRT-0403-BJ,PELLE HYDRAULIQUE,VOLVO CE,2019,5,OUÉMÉ,186000,BON,COLINA
PRT-0404-BJ,PELLE HYDRAULIQUE,LIEBHERR,2016,8,COUFFO,197000,MOYEN,UAB
PRT-0405-BJ,CAMION MALAXEUR BÉTON,MAN,2008,16,ALIBORI,423000,MAUVAIS,SAAR-BÉNIN
PRT-0406-BJ,VÉHICULE LÉGER 4X4,NISSAN,2021,3,PLATEAU,92000,BON,NSIA BÉNIN
PRT-0407-BJ,VÉHICULE LÉGER 4X4,LAND ROVER,2019,5,ATLANTIQUE,208000,BON,SOBAC
PRT-0408-BJ,CAMION BENNE,SINO TRUCK,2008,16,BORGOU,628000,MOYEN,ALLIANZ BÉNIN
PRT-0409-BJ,NIVELEUSE,HITACHI,2010,14,ATLANTIQUE,422000,MAUVAIS,ALLIANZ BÉNIN
PRT-0410-BJ,CAMION CITERNE,VOLVO,2010,14,COLLINES,223000,MAUVAIS,SOBAC
PRT-0411-BJ,COMPACTEUR,VOLVO CE,2019,5,COLLINES,190000,BON,ALLIANZ BÉNIN
PRT-0412-BJ,CAMION BENNE,MAN,2008,16,ALIBORI,432000,MAUVAIS,SAAR-BÉNIN
PRT-0413-BJ,CAMION BENNE,MAN,2013,11,BORGOU,395000,MOYEN,SAAR-BÉNIN
PRT-0414-BJ,COMPACTEUR,JCB,2008,16,OUÉMÉ,564000,MAUVAIS,ALLIANZ BÉNIN
PRT-0415-BJ,CAMION CITERNE,IVECO,2007,17,BORGOU,388000,MOYEN,SAAR-BÉNIN
PRT-0416-BJ,CAMION BENNE,SINO TRUCK,2009,15,ZOU,293000,MAUVAIS,COLINA
PRT-0417-BJ,VÉHICULE LÉGER 4X4,NISSAN,2020,4,COLLINES,145000,BON,ALLIANZ BÉNIN
PRT-0418-BJ,NIVELEUSE,DOOSAN,2014,10,LITTORAL,298000,MOYEN,COLINA
PRT-0419-BJ,CAMION BENNE,SINO TRUCK,2005,19,PLATEAU,524000,MOYEN,COLINA
PRT-0420-BJ,NIVELEUSE,DOOSAN,2018,6,BORGOU,255000,BON,UAB
PRT-0421-BJ,NIVELEUSE,KOMATSU,2005,19,ALIBORI,305000,MOYEN,SAAR-BÉNIN
PRT-0422-BJ,CAMION BENNE,IVECO,2010,14,BORGOU,564000,MAUVAIS,BGFA BÉNIN
PRT-0423-BJ,NIVELEUSE,HITACHI,2008,16,ZOU,525000,MOYEN,BGFA BÉNIN
PRT-0424-BJ,CAMION PLATEAU,FAW,2006,18,BORGOU,399000,MAUVAIS,UAB
PRT-0425-BJ,CAMION BENNE,DAF,2014,10,ATACORA,236000,BON,SAAR-BÉNIN
PRT-0426-BJ,CHARGEUR,KOMATSU,2019,5,ATACORA,208000,BON,ALLIANZ BÉNIN
PRT-0427-BJ,CAMION BENNE,SINO TRUCK,2018,6,LITTORAL,131000,BON,BGFA BÉNIN
PRT-0428-BJ,CAMION BENNE,MERCEDES-BENZ,2016,8,ZOU,164000,MOYEN,SAAR-BÉNIN
PRT-0429-BJ,CAMION PLATEAU,IVECO,2014,10,ZOU,319000,MAUVAIS,SOBAC
PRT-0430-BJ,CAMION CITERNE,VOLVO,2018,6,ATACORA,260000,MOYEN,SOBAC
PRT-0431-BJ,CAMION BENNE,VOLVO,2012,12,LITTORAL,277000,MOYEN,BGFA BÉNIN
PRT-0432-BJ,GRUE MOBILE,JCB,2020,4,LITTORAL,142000,BON,UAB
PRT-0433-BJ,VÉHICULE LÉGER 4X4,TOYOTA,2007,17,OUÉMÉ,642000,MAUVAIS,SAAR-BÉNIN
PRT-0434-BJ,VÉHICULE LÉGER 4X4,ISUZU,2015,9,ZOU,385000,MAUVAIS,SOBAC
PRT-0435-BJ,CAMION BENNE,SHACMAN,2016,8,ALIBORI,224000,MAUVAIS,ALLIANZ BÉNIN
PRT-0436-BJ,CAMION PLATEAU,DAF,2020,4,ATLANTIQUE,104000,MOYEN,COLINA
PRT-0437-BJ,COMPACTEUR,DOOSAN,2015,9,ATACORA,149000,MAUVAIS,NSIA BÉNIN
PRT-0438-BJ,COMPACTEUR,DOOSAN,2005,19,LITTORAL,560000,MAUVAIS,UAB
PRT-0439-BJ,CAMION BENNE,FOTON,2011,13,COUFFO,571000,MAUVAIS,SOBAC
PRT-0440-BJ,VÉHICULE LÉGER 4X4,FORD,2007,17,COLLINES,462000,MOYEN,SOBAC
PRT-0441-BJ,CAMION MALAXEUR BÉTON,VOLVO,2006,18,OUÉMÉ,683000,MOYEN,BGFA BÉNIN
PRT-0442-BJ,CAMION BENNE,MAN,2008,16,LITTORAL,310000,MAUVAIS,COLINA
PRT-0443-BJ,CAMION BENNE,SHACMAN,2005,19,LITTORAL,360000,MOYEN,BGFA BÉNIN
PRT-0444-BJ,VÉHICULE LÉGER 4X4,NISSAN,2020,4,LITTORAL,156000,BON,BGFA BÉNIN
PRT-0445-BJ,CAMION BENNE,SINO TRUCK,2016,8,ATACORA,323000,BON,BGFA BÉNIN
PRT-0446-BJ,BULLDOZER,LIEBHERR,2009,15,LITTORAL,525000,MAUVAIS,SOBAC
PRT-0447-BJ,CAMION BENNE,SINO TRUCK,2011,13,COLLINES,370000,MOYEN,COLINA
PRT-0448-BJ,PELLE HYDRAULIQUE,VOLVO CE,2007,17,ATACORA,324000,MOYEN,COLINA
PRT-0449-BJ,BULLDOZER,SANY,2018,6,ATLANTIQUE,144000,BON,SOBAC
PRT-0450-BJ,CAMION BENNE,FAW,2014,10,BORGOU,428000,MOYEN,BGFA BÉNIN
PRT-0451-BJ,PELLE HYDRAULIQUE,XCMG,2011,13,ZOU,514000,MAUVAIS,UAB
PRT-0452-BJ,VÉHICULE LÉGER 4X4,TOYOTA,2012,12,PLATEAU,376000,BON,SOBAC
PRT-0453-BJ,COMPACTEUR,HITACHI,2005,19,COUFFO,367000,MAUVAIS,UAB
PRT-0454-BJ,CHARGEUR,JCB,2016,8,ZOU,243000,BON,BGFA BÉNIN
PRT-0455-BJ,CAMION BENNE,MAN,2005,19,ATLANTIQUE,323000,MOYEN,BGFA BÉNIN
PRT-0456-BJ,VÉHICULE LÉGER 4X4,FORD,2021,3,BORGOU,87000,BON,SOBAC
PRT-0457-BJ,VÉHICULE LÉGER 4X4,LAND ROVER,2022,2,ZOU,40000,BON,SAAR-BÉNIN
PRT-0458-BJ,CAMION BENNE,MAN,2021,3,DONGA,124000,BON,ALLIANZ BÉNIN
PRT-0459-BJ,NIVELEUSE,JCB,2007,17,ATLANTIQUE,727000,MAUVAIS,ALLIANZ BÉNIN
PRT-0460-BJ,CAMION BENNE,MAN,2018,6,LITTORAL,101000,BON,SAAR-BÉNIN
PRT-0461-BJ,PELLE HYDRAULIQUE,LIEBHERR,2008,16,LITTORAL,246000,MOYEN,ALLIANZ BÉNIN
PRT-0462-BJ,NIVELEUSE,SANY,2021,3,ZOU,126000,BON,SOBAC
PRT-0463-BJ,CAMION BENNE,SINO TRUCK,2009,15,BORGOU,585000,MAUVAIS,NSIA BÉNIN
PRT-0464-BJ,CAMION CITERNE,MERCEDES-BENZ,2015,9,ALIBORI,154000,MOYEN,SAAR-BÉNIN
PRT-0465-BJ,BULLDOZER,KOMATSU,2020,4,PLATEAU,125000,BON,BGFA BÉNIN
PRT-0466-BJ,COMPACTEUR,SANY,2010,14,ATLANTIQUE,473000,MOYEN,SOBAC
PRT-0467-BJ,BULLDOZER,VOLVO CE,2021,3,LITTORAL,129000,BON,BGFA BÉNIN
PRT-0468-BJ,CAMION BENNE,MERCEDES-BENZ,2020,4,OUÉMÉ,83000,MOYEN,BGFA BÉNIN
PRT-0469-BJ,CAMION BENNE,FOTON,2012,12,ATLANTIQUE,463000,MOYEN,SAAR-BÉNIN
PRT-0470-BJ,CAMION BENNE,MAN,2016,8,LITTORAL,134000,MOYEN,ALLIANZ BÉNIN
PRT-0471-BJ,CAMION BENNE,FAW,2006,18,DONGA,544000,MOYEN,BGFA BÉNIN
PRT-0472-BJ,VÉHICULE LÉGER 4X4,FORD,2015,9,LITTORAL,244000,MOYEN,ALLIANZ BÉNIN
PRT-0473-BJ,VÉHICULE LÉGER 4X4,FORD,2012,12,PLATEAU,374000,MOYEN,BGFA BÉNIN
PRT-0474-BJ,CAMION CITERNE,FAW,2012,12,LITTORAL,189000,MAUVAIS,ALLIANZ BÉNIN
PRT-0475-BJ,NIVELEUSE,CATERPILLAR,2015,9,LITTORAL,385000,MOYEN,SOBAC
PRT-0476-BJ,BULLDOZER,KOMATSU,2011,13,ZOU,405000,MOYEN,NSIA BÉNIN
PRT-0477-BJ,CAMION PLATEAU,VOLVO,2013,11,LITTORAL,488000,MAUVAIS,BGFA BÉNIN
PRT-0478-BJ,NIVELEUSE,SANY,2019,5,MONO,91000,BON,COLINA
PRT-0479-BJ,CAMION BENNE,FOTON,2007,17,COLLINES,624000,MOYEN,ALLIANZ BÉNIN
PRT-0480-BJ,CAMION BENNE,IVECO,2015,9,DONGA,380000,MOYEN,SOBAC
PRT-0481-BJ,VÉHICULE LÉGER 4X4,ISUZU,2013,11,ATLANTIQUE,214000,MAUVAIS,BGFA BÉNIN
PRT-0482-BJ,CAMION CITERNE,MAN,2009,15,LITTORAL,379000,MAUVAIS,UAB
PRT-0483-BJ,CAMION BENNE,SINO TRUCK,2011,13,PLATEAU,558000,MAUVAIS,NSIA BÉNIN
PRT-0484-BJ,CAMION BENNE,IVECO,2006,18,ATLANTIQUE,357000,MAUVAIS,NSIA BÉNIN
PRT-0485-BJ,BULLDOZER,SANY,2017,7,ZOU,165000,BON,BGFA BÉNIN
PRT-0486-BJ,CAMION PLATEAU,MERCEDES-BENZ,2017,7,ALIBORI,231000,BON,ALLIANZ BÉNIN
PRT-0487-BJ,CAMION BENNE,MAN,2009,15,LITTORAL,609000,MOYEN,ALLIANZ BÉNIN
PRT-0488-BJ,CAMION BENNE,FOTON,2016,8,BORGOU,142000,MAUVAIS,COLINA
PRT-0489-BJ,COMPACTEUR,KOMATSU,2005,19,COUFFO,687000,MOYEN,UAB
PRT-0490-BJ,CAMION CITERNE,MAN,2015,9,LITTORAL,150000,MAUVAIS,ALLIANZ BÉNIN
PRT-0491-BJ,CAMION MALAXEUR BÉTON,FOTON,2017,7,PLATEAU,203000,BON,ALLIANZ BÉNIN
PRT-0492-BJ,VÉHICULE LÉGER 4X4,NISSAN,2013,11,ATLANTIQUE,177000,MAUVAIS,COLINA
PRT-0493-BJ,COMPACTEUR,VOLVO CE,2014,10,PLATEAU,307000,MAUVAIS,NSIA BÉNIN
PRT-0494-BJ,CAMION BENNE,FOTON,2009,15,OUÉMÉ,617000,MAUVAIS,COLINA
PRT-0495-BJ,CAMION BENNE,FAW,2005,19,COUFFO,509000,MAUVAIS,UAB
PRT-0496-BJ,NIVELEUSE,DOOSAN,2016,8,ATACORA,222000,MOYEN,SAAR-BÉNIN
PRT-0497-BJ,CAMION BENNE,SINO TRUCK,2012,12,LITTORAL,290000,MAUVAIS,NSIA BÉNIN
PRT-0498-BJ,CAMION CITERNE,SHACMAN,2021,3,OUÉMÉ,102000,BON,ALLIANZ BÉNIN
PRT-0499-BJ,CAMION PLATEAU,MAN,2012,12,COLLINES,501000,MOYEN,BGFA BÉNIN
PRT-0500-BJ,CAMION MALAXEUR BÉTON,MERCEDES-BENZ,2012,12,ZOU,333000,MAUVAIS,SAAR-BÉNIN
PRT-0501-BJ,CAMION MALAXEUR BÉTON,VOLVO,2010,14,ATLANTIQUE,549000,MOYEN,SOBAC
PRT-0502-BJ,VÉHICULE LÉGER 4X4,MITSUBISHI,2005,19,BORGOU,638000,MAUVAIS,COLINA
PRT-0503-BJ,CAMION BENNE,DAF,2020,4,ZOU,65000,BON,NSIA BÉNIN
PRT-0504-BJ,CAMION BENNE,DAF,2005,19,ZOU,667000,MOYEN,ALLIANZ BÉNIN
PRT-0505-BJ,CAMION CITERNE,SINO TRUCK,2010,14,ATACORA,358000,MAUVAIS,NSIA BÉNIN
PRT-0506-BJ,CAMION BENNE,VOLVO,2008,16,ALIBORI,278000,MAUVAIS,SAAR-BÉNIN
PRT-0507-BJ,PELLE HYDRAULIQUE,JCB,2008,16,ATLANTIQUE,323000,MOYEN,SOBAC
PRT-0508-BJ,FINISSEUR ASPHALTE,DOOSAN,2015,9,LITTORAL,340000,MAUVAIS,COLINA
PRT-0509-BJ,CAMION CITERNE,DAF,2010,14,OUÉMÉ,345000,MAUVAIS,ALLIANZ BÉNIN
PRT-0510-BJ,CAMION BENNE,MERCEDES-BENZ,2017,7,ALIBORI,235000,MOYEN,NSIA BÉNIN
PRT-0511-BJ,CAMION BENNE,SINO TRUCK,2012,12,COLLINES,375000,BON,ALLIANZ BÉNIN
PRT-0512-BJ,VÉHICULE LÉGER 4X4,TOYOTA,2012,12,OUÉMÉ,430000,MOYEN,NSIA BÉNIN
PRT-0513-BJ,GRUE MOBILE,SANY,2019,5,LITTORAL,189000,BON,NSIA BÉNIN
PRT-0514-BJ,VÉHICULE LÉGER 4X4,TOYOTA,2005,19,LITTORAL,546000,MAUVAIS,ALLIANZ BÉNIN
PRT-0515-BJ,CHARGEUR,DOOSAN,2017,7,OUÉMÉ,295000,BON,UAB
PRT-0516-BJ,CAMION CITERNE,DAF,2010,14,PLATEAU,225000,MAUVAIS,SAAR-BÉNIN
PRT-0517-BJ,CAMION BENNE,IVECO,2008,16,LITTORAL,437000,MOYEN,ALLIANZ BÉNIN
PRT-0518-BJ,BULLDOZER,HITACHI,2007,17,ATLANTIQUE,753000,MAUVAIS,UAB
PRT-0519-BJ,PELLE HYDRAULIQUE,JCB,2010,14,COLLINES,235000,MAUVAIS,NSIA BÉNIN
PRT-0520-BJ,VÉHICULE LÉGER 4X4,NISSAN,2018,6,BORGOU,234000,MOYEN,COLINA
PRT-0521-BJ,CAMION BENNE,IVECO,2014,10,ATLANTIQUE,337000,BON,COLINA
PRT-0522-BJ,GRUE MOBILE,LIEBHERR,2006,18,OUÉMÉ,444000,MAUVAIS,BGFA BÉNIN
PRT-0523-BJ,PELLE HYDRAULIQUE,DOOSAN,2011,13,LITTORAL,467000,MOYEN,SAAR-BÉNIN
PRT-0524-BJ,CAMION PLATEAU,SHACMAN,2008,16,ATLANTIQUE,496000,MAUVAIS,SOBAC
PRT-0525-BJ,CAMION BENNE,FAW,2017,7,LITTORAL,190000,MOYEN,ALLIANZ BÉNIN
PRT-0526-BJ,VÉHICULE LÉGER 4X4,FORD,2019,5,PLATEAU,119000,BON,COLINA
PRT-0527-BJ,CAMION BENNE,MAN,2007,17,COLLINES,486000,MAUVAIS,BGFA BÉNIN
PRT-0528-BJ,COMPACTEUR,HITACHI,2006,18,ALIBORI,517000,MAUVAIS,COLINA
PRT-0529-BJ,PELLE HYDRAULIQUE,DOOSAN,2012,12,PLATEAU,535000,BON,BGFA BÉNIN
PRT-0530-BJ,BULLDOZER,HITACHI,2021,3,ALIBORI,112000,BON,COLINA
PRT-0531-BJ,CAMION BENNE,SHACMAN,2010,14,DONGA,307000,MOYEN,BGFA BÉNIN
PRT-0532-BJ,CAMION BENNE,MERCEDES-BENZ,2018,6,LITTORAL,130000,BON,BGFA BÉNIN
PRT-0533-BJ,COMPACTEUR,XCMG,2015,9,ATACORA,155000,MAUVAIS,NSIA BÉNIN
PRT-0534-BJ,VÉHICULE LÉGER 4X4,ISUZU,2022,2,ATLANTIQUE,48000,BON,COLINA
PRT-0535-BJ,VÉHICULE LÉGER 4X4,TOYOTA,2021,3,BORGOU,56000,BON,UAB
PRT-0536-BJ,CAMION BENNE,MAN,2008,16,ZOU,390000,MOYEN,BGFA BÉNIN
PRT-0537-BJ,NIVELEUSE,SANY,2018,6,ATLANTIQUE,202000,BON,COLINA
PRT-0538-BJ,VÉHICULE LÉGER 4X4,NISSAN,2013,11,OUÉMÉ,410000,MOYEN,SOBAC
PRT-0539-BJ,VÉHICULE LÉGER 4X4,ISUZU,2015,9,BORGOU,275000,BON,SAAR-BÉNIN
PRT-0540-BJ,CHARGEUR,CATERPILLAR,2015,9,ALIBORI,218000,MOYEN,BGFA BÉNIN
PRT-0541-BJ,NIVELEUSE,KOMATSU,2012,12,LITTORAL,354000,MAUVAIS,BGFA BÉNIN
PRT-0542-BJ,GRUE MOBILE,XCMG,2018,6,COLLINES,177000,BON,ALLIANZ BÉNIN
PRT-0543-BJ,CAMION MALAXEUR BÉTON,FOTON,2020,4,BORGOU,168000,MOYEN,NSIA BÉNIN
PRT-0544-BJ,NIVELEUSE,LIEBHERR,2007,17,ATLANTIQUE,331000,MAUVAIS,BGFA BÉNIN
PRT-0545-BJ,CHARGEUR,CATERPILLAR,2010,14,LITTORAL,594000,MAUVAIS,NSIA BÉNIN
PRT-0546-BJ,CAMION BENNE,SHACMAN,2006,18,ATACORA,432000,MAUVAIS,SAAR-BÉNIN
PRT-0547-BJ,GRUE MOBILE,HITACHI,2017,7,COLLINES,112000,BON,ALLIANZ BÉNIN
PRT-0548-BJ,VÉHICULE LÉGER 4X4,MITSUBISHI,2019,5,LITTORAL,171000,MOYEN,COLINA
PRT-0549-BJ,VÉHICULE LÉGER 4X4,NISSAN,2013,11,BORGOU,268000,MOYEN,NSIA BÉNIN
PRT-0550-BJ,VÉHICULE LÉGER 4X4,NISSAN,2011,13,ALIBORI,484000,MAUVAIS,ALLIANZ BÉNIN
PRT-0551-BJ,CAMION BENNE,FOTON,2021,3,LITTORAL,122000,BON,BGFA BÉNIN
PRT-0552-BJ,PELLE HYDRAULIQUE,DOOSAN,2009,15,COLLINES,229000,MAUVAIS,ALLIANZ BÉNIN
PRT-0553-BJ,CAMION BENNE,IVECO,2013,11,OUÉMÉ,291000,MOYEN,UAB
PRT-0554-BJ,CAMION BENNE,SHACMAN,2014,10,BORGOU,280000,MAUVAIS,COLINA
PRT-0555-BJ,CAMION BENNE,FAW,2016,8,ZOU,194000,MOYEN,SAAR-BÉNIN
PRT-0556-BJ,PELLE HYDRAULIQUE,DOOSAN,2007,17,ATLANTIQUE,436000,MOYEN,BGFA BÉNIN
PRT-0557-BJ,CAMION BENNE,IVECO,2011,13,LITTORAL,578000,MAUVAIS,NSIA BÉNIN
PRT-0558-BJ,CAMION CITERNE,FOTON,2015,9,BORGOU,328000,MAUVAIS,UAB
PRT-0559-BJ,CAMION PLATEAU,IVECO,2018,6,OUÉMÉ,205000,MOYEN,SOBAC
PRT-0560-BJ,CAMION PLATEAU,DAF,2015,9,BORGOU,293000,MOYEN,SOBAC
PRT-0561-BJ,CAMION CITERNE,SINO TRUCK,2021,3,ATLANTIQUE,62000,BON,BGFA BÉNIN
PRT-0562-BJ,PELLE HYDRAULIQUE,HITACHI,2010,14,ATLANTIQUE,550000,MAUVAIS,SAAR-BÉNIN
PRT-0563-BJ,BULLDOZER,HITACHI,2010,14,DONGA,510000,MAUVAIS,NSIA BÉNIN
PRT-0564-BJ,CAMION BENNE,DAF,2014,10,OUÉMÉ,272000,MAUVAIS,SAAR-BÉNIN
PRT-0565-BJ,COMPACTEUR,DOOSAN,2008,16,PLATEAU,546000,MAUVAIS,COLINA
PRT-0566-BJ,FINISSEUR ASPHALTE,KOMATSU,2020,4,ATACORA,174000,BON,SOBAC
PRT-0567-BJ,VÉHICULE LÉGER 4X4,FORD,2018,6,LITTORAL,117000,MOYEN,ALLIANZ BÉNIN
PRT-0568-BJ,VÉHICULE LÉGER 4X4,MITSUBISHI,2019,5,LITTORAL,105000,MOYEN,BGFA BÉNIN
PRT-0569-BJ,CAMION BENNE,SINO TRUCK,2010,14,ATLANTIQUE,417000,MOYEN,SAAR-BÉNIN
PRT-0570-BJ,CAMION BENNE,VOLVO,2010,14,PLATEAU,250000,MAUVAIS,ALLIANZ BÉNIN
PRT-0571-BJ,COMPACTEUR,JCB,2017,7,OUÉMÉ,106000,BON,NSIA BÉNIN
PRT-0572-BJ,NIVELEUSE,SANY,2005,19,ATACORA,616000,MAUVAIS,ALLIANZ BÉNIN
PRT-0573-BJ,CAMION BENNE,MERCEDES-BENZ,2012,12,ATLANTIQUE,303000,MAUVAIS,ALLIANZ BÉNIN
PRT-0574-BJ,CAMION BENNE,FAW,2014,10,LITTORAL,248000,MAUVAIS,SAAR-BÉNIN
PRT-0575-BJ,VÉHICULE LÉGER 4X4,MITSUBISHI,2021,3,ATLANTIQUE,132000,BON,SOBAC
PRT-0576-BJ,CAMION PLATEAU,SINO TRUCK,2020,4,OUÉMÉ,179000,BON,BGFA BÉNIN
PRT-0577-BJ,VÉHICULE LÉGER 4X4,NISSAN,2012,12,BORGOU,469000,BON,NSIA BÉNIN
PRT-0578-BJ,COMPACTEUR,LIEBHERR,2008,16,OUÉMÉ,260000,MAUVAIS,UAB
PRT-0579-BJ,CHARGEUR,XCMG,2022,2,COLLINES,69000,BON,NSIA BÉNIN
PRT-0580-BJ,PELLE HYDRAULIQUE,CATERPILLAR,2006,18,BORGOU,494000,MAUVAIS,NSIA BÉNIN
PRT-0581-BJ,NIVELEUSE,DOOSAN,2009,15,ATLANTIQUE,230000,MAUVAIS,SAAR-BÉNIN
PRT-0582-BJ,VÉHICULE LÉGER 4X4,TOYOTA,2021,3,ATLANTIQUE,105000,BON,SOBAC
PRT-0583-BJ,CAMION BENNE,MAN,2021,3,BORGOU,57000,BON,SAAR-BÉNIN
PRT-0584-BJ,CAMION BENNE,MAN,2020,4,LITTORAL,94000,BON,BGFA BÉNIN
PRT-0585-BJ,NIVELEUSE,VOLVO CE,2016,8,BORGOU,130000,MOYEN,COLINA
PRT-0586-BJ,NIVELEUSE,VOLVO CE,2020,4,ATLANTIQUE,148000,BON,NSIA BÉNIN
PRT-0587-BJ,CAMION MALAXEUR BÉTON,SHACMAN,2009,15,DONGA,262000,MAUVAIS,SOBAC
PRT-0588-BJ,BULLDOZER,XCMG,2012,12,PLATEAU,284000,MAUVAIS,UAB
PRT-0589-BJ,CAMION BENNE,VOLVO,2006,18,ALIBORI,669000,MAUVAIS,SAAR-BÉNIN
PRT-0590-BJ,VÉHICULE LÉGER 4X4,TOYOTA,2008,16,ALIBORI,245000,MAUVAIS,BGFA BÉNIN
PRT-0591-BJ,CAMION BENNE,VOLVO,2015,9,OUÉMÉ,318000,MOYEN,SAAR-BÉNIN
PRT-0592-BJ,CHARGEUR,KOMATSU,2016,8,ALIBORI,225000,BON,UAB
PRT-0593-BJ,CAMION PLATEAU,IVECO,2017,7,BORGOU,202000,BON,SOBAC
PRT-0594-BJ,CHARGEUR,LIEBHERR,2008,16,LITTORAL,683000,MAUVAIS,ALLIANZ BÉNIN
PRT-0595-BJ,CAMION BENNE,SHACMAN,2019,5,LITTORAL,134000,BON,COLINA
PRT-0596-BJ,CAMION BENNE,VOLVO,2020,4,DONGA,114000,BON,UAB
PRT-0597-BJ,CAMION BENNE,IVECO,2015,9,LITTORAL,290000,MAUVAIS,BGFA BÉNIN
PRT-0598-BJ,BULLDOZER,VOLVO CE,2015,9,ZOU,317000,MOYEN,NSIA BÉNIN
PRT-0599-BJ,VÉHICULE LÉGER 4X4,LAND ROVER,2012,12,PLATEAU,432000,MOYEN,UAB
PRT-0600-BJ,CAMION BENNE,FAW,2006,18,LITTORAL,568000,MAUVAIS,BGFA BÉNIN
PRT-0601-BJ,VÉHICULE LÉGER 4X4,ISUZU,2010,14,LITTORAL,321000,MAUVAIS,SAAR-BÉNIN
PRT-0602-BJ,CAMION PLATEAU,MERCEDES-BENZ,2021,3,ATLANTIQUE,108000,BON,UAB
PRT-0603-BJ,VÉHICULE LÉGER 4X4,NISSAN,2007,17,PLATEAU,505000,MAUVAIS,NSIA BÉNIN
PRT-0604-BJ,CHARGEUR,DOOSAN,2015,9,LITTORAL,328000,MOYEN,NSIA BÉNIN
PRT-0605-BJ,CAMION BENNE,FOTON,2006,18,ZOU,324000,MOYEN,BGFA BÉNIN
PRT-0606-BJ,COMPACTEUR,XCMG,2021,3,ZOU,109000,BON,SOBAC
PRT-0607-BJ,VÉHICULE LÉGER 4X4,FORD,2016,8,ALIBORI,341000,MAUVAIS,UAB
PRT-0608-BJ,VÉHICULE LÉGER 4X4,MITSUBISHI,2020,4,BORGOU,119000,BON,NSIA BÉNIN
PRT-0609-BJ,CAMION BENNE,DAF,2005,19,OUÉMÉ,783000,MAUVAIS,SAAR-BÉNIN
PRT-0610-BJ,NIVELEUSE,SANY,2008,16,LITTORAL,314000,MOYEN,BGFA BÉNIN
PRT-0611-BJ,BULLDOZER,JCB,2008,16,ATLANTIQUE,303000,MOYEN,BGFA BÉNIN
PRT-0612-BJ,VÉHICULE LÉGER 4X4,ISUZU,2011,13,BORGOU,372000,MOYEN,NSIA BÉNIN
PRT-0613-BJ,CAMION MALAXEUR BÉTON,MAN,2019,5,PLATEAU,158000,BON,ALLIANZ BÉNIN
PRT-0614-BJ,CAMION PLATEAU,MERCEDES-BENZ,2021,3,BORGOU,99000,BON,UAB
PRT-0615-BJ,GRUE MOBILE,DOOSAN,2021,3,BORGOU,134000,BON,ALLIANZ BÉNIN
PRT-0616-BJ,PELLE HYDRAULIQUE,LIEBHERR,2009,15,LITTORAL,523000,MAUVAIS,SAAR-BÉNIN
PRT-0617-BJ,NIVELEUSE,JCB,2018,6,MONO,240000,MOYEN,ALLIANZ BÉNIN
PRT-0618-BJ,CAMION BENNE,SINO TRUCK,2014,10,PLATEAU,285000,BON,COLINA
PRT-0619-BJ,PELLE HYDRAULIQUE,HITACHI,2014,10,ALIBORI,253000,MOYEN,SOBAC
PRT-0620-BJ,BULLDOZER,HITACHI,2011,13,ATLANTIQUE,319000,MAUVAIS,SOBAC
PRT-0621-BJ,VÉHICULE LÉGER 4X4,LAND ROVER,2009,15,COUFFO,312000,MAUVAIS,COLINA
PRT-0622-BJ,NIVELEUSE,SANY,2008,16,BORGOU,546000,MAUVAIS,COLINA
PRT-0623-BJ,FINISSEUR ASPHALTE,JCB,2022,2,ATLANTIQUE,86000,BON,UAB
PRT-0624-BJ,CAMION CITERNE,FAW,2008,16,LITTORAL,591000,MOYEN,NSIA BÉNIN
PRT-0625-BJ,CAMION BENNE,VOLVO,2014,10,BORGOU,170000,BON,SOBAC
PRT-0626-BJ,CAMION CITERNE,DAF,2022,2,LITTORAL,83000,BON,UAB
PRT-0627-BJ,CAMION BENNE,FAW,2012,12,BORGOU,273000,MOYEN,COLINA
PRT-0628-BJ,CAMION CITERNE,IVECO,2006,18,DONGA,735000,MAUVAIS,SOBAC
PRT-0629-BJ,VÉHICULE LÉGER 4X4,MITSUBISHI,2006,18,LITTORAL,636000,MOYEN,BGFA BÉNIN
PRT-0630-BJ,CAMION CITERNE,SHACMAN,2012,12,ATACORA,435000,MAUVAIS,SAAR-BÉNIN
PRT-0631-BJ,BULLDOZER,HITACHI,2011,13,BORGOU,320000,MAUVAIS,UAB
PRT-0632-BJ,CAMION BENNE,MAN,2010,14,MONO,265000,MAUVAIS,UAB
PRT-0633-BJ,CAMION BENNE,IVECO,2022,2,ATLANTIQUE,41000,BON,COLINA
PRT-0634-BJ,GRUE MOBILE,CATERPILLAR,2015,9,PLATEAU,147000,MAUVAIS,ALLIANZ BÉNIN
PRT-0635-BJ,CAMION MALAXEUR BÉTON,MERCEDES-BENZ,2014,10,PLATEAU,267000,MOYEN,NSIA BÉNIN
PRT-0636-BJ,CAMION CITERNE,SINO TRUCK,2021,3,ATLANTIQUE,63000,BON,COLINA
PRT-0637-BJ,CAMION BENNE,FAW,2010,14,OUÉMÉ,252000,MAUVAIS,SAAR-BÉNIN
PRT-0638-BJ,CAMION BENNE,DAF,2015,9,ATLANTIQUE,357000,MOYEN,COLINA
PRT-0639-BJ,NIVELEUSE,HITACHI,2005,19,LITTORAL,435000,MOYEN,SOBAC
PRT-0640-BJ,COMPACTEUR,VOLVO CE,2006,18,BORGOU,740000,MOYEN,NSIA BÉNIN
PRT-0641-BJ,VÉHICULE LÉGER 4X4,MITSUBISHI,2014,10,LITTORAL,402000,MOYEN,SAAR-BÉNIN
PRT-0642-BJ,NIVELEUSE,HITACHI,2019,5,PLATEAU,182000,BON,ALLIANZ BÉNIN
PRT-0643-BJ,VÉHICULE LÉGER 4X4,TOYOTA,2008,16,LITTORAL,522000,MAUVAIS,COLINA
PRT-0644-BJ,CAMION BENNE,MAN,2011,13,BORGOU,563000,MAUVAIS,SOBAC
PRT-0645-BJ,VÉHICULE LÉGER 4X4,TOYOTA,2011,13,ZOU,511000,MAUVAIS,BGFA BÉNIN
PRT-0646-BJ,VÉHICULE LÉGER 4X4,TOYOTA,2009,15,LITTORAL,244000,MAUVAIS,NSIA BÉNIN
PRT-0647-BJ,CAMION BENNE,VOLVO,2013,11,ZOU,247000,MOYEN,SAAR-BÉNIN
PRT-0648-BJ,VÉHICULE LÉGER 4X4,ISUZU,2017,7,OUÉMÉ,259000,BON,NSIA BÉNIN
PRT-0649-BJ,NIVELEUSE,KOMATSU,2006,18,BORGOU,567000,MOYEN,NSIA BÉNIN
PRT-0650-BJ,VÉHICULE LÉGER 4X4,LAND ROVER,2014,10,COLLINES,293000,MOYEN,UAB
PRT-0651-BJ,VÉHICULE LÉGER 4X4,LAND ROVER,2005,19,PLATEAU,370000,MAUVAIS,SOBAC
PRT-0652-BJ,VÉHICULE LÉGER 4X4,MITSUBISHI,2014,10,MONO,372000,BON,BGFA BÉNIN
PRT-0653-BJ,CHARGEUR,SANY,2005,19,ZOU,362000,MAUVAIS,NSIA BÉNIN
PRT-0654-BJ,CAMION BENNE,FOTON,2022,2,ZOU,36000,BON,SAAR-BÉNIN
PRT-0655-BJ,CAMION BENNE,SINO TRUCK,2011,13,OUÉMÉ,413000,MAUVAIS,ALLIANZ BÉNIN
PRT-0656-BJ,CAMION BENNE,DAF,2013,11,LITTORAL,453000,BON,COLINA
PRT-0657-BJ,CHARGEUR,HITACHI,2019,5,COLLINES,185000,BON,NSIA BÉNIN
PRT-0658-BJ,CAMION BENNE,DAF,2020,4,DONGA,148000,BON,SOBAC
PRT-0659-BJ,CAMION BENNE,IVECO,2007,17,ATACORA,506000,MOYEN,SAAR-BÉNIN
PRT-0660-BJ,COMPACTEUR,XCMG,2009,15,ZOU,380000,MAUVAIS,UAB
PRT-0661-BJ,CAMION BENNE,SINO TRUCK,2012,12,BORGOU,432000,MAUVAIS,UAB
PRT-0662-BJ,CAMION BENNE,SINO TRUCK,2009,15,BORGOU,461000,MOYEN,UAB
PRT-0663-BJ,VÉHICULE LÉGER 4X4,FORD,2020,4,ZOU,140000,BON,NSIA BÉNIN
PRT-0664-BJ,GRUE MOBILE,LIEBHERR,2022,2,LITTORAL,78000,BON,SOBAC
PRT-0665-BJ,CAMION BENNE,MAN,2005,19,ALIBORI,791000,MAUVAIS,COLINA
PRT-0666-BJ,COMPACTEUR,VOLVO CE,2006,18,ZOU,588000,MAUVAIS,UAB
PRT-0667-BJ,PELLE HYDRAULIQUE,LIEBHERR,2016,8,OUÉMÉ,275000,MAUVAIS,SOBAC
PRT-0668-BJ,CHARGEUR,LIEBHERR,2019,5,ZOU,135000,BON,COLINA
PRT-0669-BJ,CAMION BENNE,DAF,2010,14,BORGOU,283000,MOYEN,ALLIANZ BÉNIN
PRT-0670-BJ,COMPACTEUR,LIEBHERR,2020,4,DONGA,160000,BON,UAB
PRT-0671-BJ,CAMION BENNE,IVECO,2016,8,ATLANTIQUE,256000,MOYEN,BGFA BÉNIN
PRT-0672-BJ,VÉHICULE LÉGER 4X4,ISUZU,2019,5,ATACORA,181000,BON,SAAR-BÉNIN
PRT-0673-BJ,CAMION BENNE,FAW,2013,11,ALIBORI,361000,MOYEN,COLINA
PRT-0674-BJ,CAMION BENNE,FOTON,2016,8,ZOU,140000,MAUVAIS,COLINA
PRT-0675-BJ,CAMION BENNE,DAF,2021,3,OUÉMÉ,125000,BON,BGFA BÉNIN
PRT-0676-BJ,VÉHICULE LÉGER 4X4,ISUZU,2005,19,ZOU,388000,MOYEN,ALLIANZ BÉNIN
PRT-0677-BJ,CAMION BENNE,IVECO,2011,13,LITTORAL,451000,MOYEN,SOBAC
PRT-0678-BJ,CAMION CITERNE,DAF,2018,6,ALIBORI,185000,MOYEN,SOBAC
PRT-0679-BJ,VÉHICULE LÉGER 4X4,NISSAN,2010,14,COLLINES,322000,MAUVAIS,NSIA BÉNIN
PRT-0680-BJ,CAMION BENNE,VOLVO,2009,15,COLLINES,506000,MOYEN,ALLIANZ BÉNIN
PRT-0681-BJ,CAMION BENNE,IVECO,2010,14,ZOU,469000,MAUVAIS,SOBAC
PRT-0682-BJ,CAMION BENNE,IVECO,2007,17,ATLANTIQUE,518000,MAUVAIS,BGFA BÉNIN
PRT-0683-BJ,NIVELEUSE,VOLVO CE,2018,6,COLLINES,251000,MOYEN,BGFA BÉNIN
PRT-0684-BJ,CAMION BENNE,FAW,2013,11,LITTORAL,328000,MOYEN,COLINA
PRT-0685-BJ,COMPACTEUR,VOLVO CE,2017,7,OUÉMÉ,151000,BON,COLINA
PRT-0686-BJ,CHARGEUR,HITACHI,2018,6,ALIBORI,125000,BON,UAB
PRT-0687-BJ,CAMION MALAXEUR BÉTON,MERCEDES-BENZ,2022,2,ZOU,38000,BON,NSIA BÉNIN
PRT-0688-BJ,NIVELEUSE,LIEBHERR,2022,2,ALIBORI,89000,BON,BGFA BÉNIN
PRT-0689-BJ,PELLE HYDRAULIQUE,JCB,2021,3,OUÉMÉ,131000,BON,NSIA BÉNIN
PRT-0690-BJ,PELLE HYDRAULIQUE,JCB,2012,12,DONGA,482000,MOYEN,UAB
PRT-0691-BJ,VÉHICULE LÉGER 4X4,LAND ROVER,2008,16,OUÉMÉ,642000,MOYEN,ALLIANZ BÉNIN
PRT-0692-BJ,CAMION MALAXEUR BÉTON,MAN,2014,10,COLLINES,234000,MOYEN,ALLIANZ BÉNIN
PRT-0693-BJ,CAMION BENNE,MERCEDES-BENZ,2021,3,LITTORAL,46000,BON,UAB
PRT-0694-BJ,PELLE HYDRAULIQUE,SANY,2018,6,OUÉMÉ,218000,BON,COLINA
PRT-0695-BJ,CAMION BENNE,FAW,2018,6,ZOU,224000,BON,UAB
PRT-0696-BJ,BULLDOZER,JCB,2022,2,BORGOU,62000,BON,ALLIANZ BÉNIN
PRT-0697-BJ,VÉHICULE LÉGER 4X4,MITSUBISHI,2020,4,ATLANTIQUE,105000,BON,BGFA BÉNIN
PRT-0698-BJ,PELLE HYDRAULIQUE,LIEBHERR,2008,16,BORGOU,607000,MAUVAIS,ALLIANZ BÉNIN
PRT-0699-BJ,CAMION BENNE,FAW,2017,7,BORGOU,246000,MOYEN,SOBAC
PRT-0700-BJ,PELLE HYDRAULIQUE,CATERPILLAR,2010,14,OUÉMÉ,579000,MAUVAIS,NSIA BÉNIN
PRT-0701-BJ,GRUE MOBILE,DOOSAN,2018,6,LITTORAL,163000,BON,NSIA BÉNIN
PRT-0702-BJ,COMPACTEUR,JCB,2017,7,COLLINES,268000,BON,COLINA
PRT-0703-BJ,CAMION BENNE,VOLVO,2020,4,OUÉMÉ,146000,BON,BGFA BÉNIN
PRT-0704-BJ,NIVELEUSE,VOLVO CE,2006,18,BORGOU,682000,MAUVAIS,ALLIANZ BÉNIN
PRT-0705-BJ,COMPACTEUR,CATERPILLAR,2016,8,ATLANTIQUE,161000,BON,NSIA BÉNIN
PRT-0706-BJ,CAMION PLATEAU,FOTON,2016,8,COLLINES,173000,MOYEN,COLINA
PRT-0707-BJ,CAMION BENNE,MAN,2007,17,ZOU,566000,MAUVAIS,COLINA
PRT-0708-BJ,VÉHICULE LÉGER 4X4,FORD,2012,12,COLLINES,339000,BON,COLINA
PRT-0709-BJ,CAMION BENNE,VOLVO,2018,6,ZOU,189000,BON,SAAR-BÉNIN
PRT-0710-BJ,VÉHICULE LÉGER 4X4,TOYOTA,2021,3,DONGA,131000,BON,COLINA
PRT-0711-BJ,CAMION CITERNE,IVECO,2019,5,MONO,201000,BON,ALLIANZ BÉNIN
PRT-0712-BJ,BULLDOZER,DOOSAN,2019,5,ATACORA,154000,MOYEN,NSIA BÉNIN
PRT-0713-BJ,CAMION BENNE,FOTON,2012,12,BORGOU,304000,MOYEN,UAB
PRT-0714-BJ,FINISSEUR ASPHALTE,HITACHI,2022,2,LITTORAL,85000,BON,SAAR-BÉNIN
PRT-0715-BJ,CAMION BENNE,MAN,2017,7,BORGOU,122000,MOYEN,COLINA
PRT-0716-BJ,CAMION MALAXEUR BÉTON,SHACMAN,2015,9,OUÉMÉ,214000,MAUVAIS,ALLIANZ BÉNIN
PRT-0717-BJ,FINISSEUR ASPHALTE,VOLVO CE,2020,4,BORGOU,92000,BON,BGFA BÉNIN
PRT-0718-BJ,CAMION BENNE,DAF,2011,13,ALIBORI,347000,MAUVAIS,ALLIANZ BÉNIN
PRT-0719-BJ,CAMION CITERNE,MAN,2007,17,BORGOU,597000,MAUVAIS,NSIA BÉNIN
PRT-0720-BJ,CAMION CITERNE,FAW,2006,18,ALIBORI,456000,MAUVAIS,UAB
PRT-0721-BJ,CHARGEUR,XCMG,2020,4,LITTORAL,127000,MOYEN,SAAR-BÉNIN
PRT-0722-BJ,VÉHICULE LÉGER 4X4,MITSUBISHI,2009,15,LITTORAL,460000,MAUVAIS,COLINA
PRT-0723-BJ,CAMION BENNE,SINO TRUCK,2017,7,ATACORA,210000,MOYEN,NSIA BÉNIN
PRT-0724-BJ,PELLE HYDRAULIQUE,DOOSAN,2015,9,BORGOU,197000,BON,UAB
PRT-0725-BJ,COMPACTEUR,SANY,2016,8,COLLINES,264000,MOYEN,SAAR-BÉNIN
PRT-0726-BJ,CAMION BENNE,SHACMAN,2015,9,OUÉMÉ,197000,MOYEN,UAB
PRT-0727-BJ,PELLE HYDRAULIQUE,SANY,2016,8,ALIBORI,167000,MOYEN,COLINA
PRT-0728-BJ,CAMION BENNE,DAF,2008,16,BORGOU,531000,MAUVAIS,UAB
PRT-0729-BJ,CHARGEUR,VOLVO CE,2009,15,ALIBORI,457000,MAUVAIS,BGFA BÉNIN
PRT-0730-BJ,CAMION BENNE,FOTON,2020,4,LITTORAL,143000,MOYEN,COLINA
PRT-0731-BJ,NIVELEUSE,SANY,2020,4,ATLANTIQUE,134000,BON,NSIA BÉNIN
PRT-0732-BJ,VÉHICULE LÉGER 4X4,LAND ROVER,2010,14,LITTORAL,429000,MAUVAIS,BGFA BÉNIN
PRT-0733-BJ,COMPACTEUR,DOOSAN,2015,9,ATLANTIQUE,299000,MOYEN,BGFA BÉNIN
PRT-0734-BJ,CAMION BENNE,MERCEDES-BENZ,2018,6,LITTORAL,209000,MOYEN,ALLIANZ BÉNIN
PRT-0735-BJ,COMPACTEUR,HITACHI,2010,14,MONO,359000,MOYEN,SOBAC
PRT-0736-BJ,NIVELEUSE,DOOSAN,2007,17,OUÉMÉ,607000,MOYEN,ALLIANZ BÉNIN
PRT-0737-BJ,CHARGEUR,SANY,2018,6,COLLINES,257000,BON,NSIA BÉNIN
PRT-0738-BJ,CAMION BENNE,SINO TRUCK,2012,12,ATLANTIQUE,459000,MOYEN,SAAR-BÉNIN
PRT-0739-BJ,COMPACTEUR,JCB,2013,11,ATACORA,296000,MAUVAIS,SOBAC
PRT-0740-BJ,COMPACTEUR,DOOSAN,2018,6,LITTORAL,115000,MOYEN,SOBAC
PRT-0741-BJ,CAMION BENNE,IVECO,2007,17,ATLANTIQUE,308000,MAUVAIS,NSIA BÉNIN
PRT-0742-BJ,CAMION MALAXEUR BÉTON,SHACMAN,2022,2,LITTORAL,81000,BON,UAB
PRT-0743-BJ,NIVELEUSE,KOMATSU,2008,16,ATLANTIQUE,583000,MOYEN,UAB
PRT-0744-BJ,VÉHICULE LÉGER 4X4,NISSAN,2014,10,PLATEAU,323000,BON,BGFA BÉNIN
PRT-0745-BJ,CAMION BENNE,MERCEDES-BENZ,2016,8,ATACORA,245000,MOYEN,UAB
PRT-0746-BJ,CAMION PLATEAU,FAW,2013,11,ZOU,416000,BON,COLINA
PRT-0747-BJ,CAMION BENNE,SHACMAN,2018,6,ZOU,151000,BON,SAAR-BÉNIN
PRT-0748-BJ,NIVELEUSE,VOLVO CE,2007,17,PLATEAU,400000,MAUVAIS,ALLIANZ BÉNIN
PRT-0749-BJ,VÉHICULE LÉGER 4X4,TOYOTA,2021,3,ALIBORI,128000,BON,ALLIANZ BÉNIN
PRT-0750-BJ,VÉHICULE LÉGER 4X4,ISUZU,2022,2,LITTORAL,62000,BON,BGFA BÉNIN
PRT-0751-BJ,VÉHICULE LÉGER 4X4,TOYOTA,2018,6,ALIBORI,247000,BON,NSIA BÉNIN
PRT-0752-BJ,NIVELEUSE,VOLVO CE,2018,6,ATACORA,139000,BON,ALLIANZ BÉNIN
PRT-0753-BJ,BULLDOZER,JCB,2017,7,ATLANTIQUE,248000,BON,ALLIANZ BÉNIN
PRT-0754-BJ,NIVELEUSE,XCMG,2014,10,COLLINES,238000,MOYEN,UAB
PRT-0755-BJ,CAMION BENNE,MAN,2010,14,LITTORAL,419000,MOYEN,COLINA
PRT-0756-BJ,VÉHICULE LÉGER 4X4,LAND ROVER,2020,4,LITTORAL,67000,BON,COLINA
PRT-0757-BJ,CAMION BENNE,MAN,2014,10,ATLANTIQUE,388000,MAUVAIS,NSIA BÉNIN
PRT-0758-BJ,CAMION BENNE,VOLVO,2005,19,PLATEAU,479000,MOYEN,BGFA BÉNIN
PRT-0759-BJ,CAMION CITERNE,SINO TRUCK,2019,5,BORGOU,88000,BON,BGFA BÉNIN
PRT-0760-BJ,BULLDOZER,LIEBHERR,2006,18,ATLANTIQUE,590000,MAUVAIS,UAB
PRT-0761-BJ,CAMION BENNE,IVECO,2017,7,ALIBORI,281000,BON,SOBAC
PRT-0762-BJ,CAMION BENNE,SHACMAN,2012,12,BORGOU,361000,BON,SOBAC
PRT-0763-BJ,CAMION CITERNE,FAW,2011,13,PLATEAU,328000,MAUVAIS,SAAR-BÉNIN
PRT-0764-BJ,CAMION BENNE,MERCEDES-BENZ,2022,2,ZOU,47000,BON,UAB
PRT-0765-BJ,PELLE HYDRAULIQUE,VOLVO CE,2016,8,ATACORA,177000,MAUVAIS,NSIA BÉNIN
PRT-0766-BJ,CAMION BENNE,FOTON,2015,9,LITTORAL,307000,MAUVAIS,NSIA BÉNIN
PRT-0767-BJ,VÉHICULE LÉGER 4X4,NISSAN,2005,19,MONO,715000,MAUVAIS,UAB
PRT-0768-BJ,PELLE HYDRAULIQUE,LIEBHERR,2016,8,BORGOU,251000,MOYEN,NSIA BÉNIN
PRT-0769-BJ,PELLE HYDRAULIQUE,SANY,2006,18,LITTORAL,684000,MAUVAIS,COLINA
PRT-0770-BJ,CAMION CITERNE,VOLVO,2020,4,ATLANTIQUE,163000,MOYEN,SOBAC
PRT-0771-BJ,BULLDOZER,DOOSAN,2011,13,LITTORAL,504000,MAUVAIS,ALLIANZ BÉNIN
PRT-0772-BJ,CAMION BENNE,MERCEDES-BENZ,2020,4,BORGOU,131000,BON,SOBAC
PRT-0773-BJ,NIVELEUSE,LIEBHERR,2022,2,OUÉMÉ,78000,BON,UAB
PRT-0774-BJ,CAMION BENNE,FAW,2010,14,LITTORAL,346000,MOYEN,BGFA BÉNIN
PRT-0775-BJ,CAMION BENNE,SINO TRUCK,2019,5,LITTORAL,137000,BON,SOBAC
PRT-0776-BJ,CAMION BENNE,MERCEDES-BENZ,2016,8,BORGOU,309000,MOYEN,NSIA BÉNIN
PRT-0777-BJ,PELLE HYDRAULIQUE,HITACHI,2017,7,LITTORAL,281000,BON,COLINA
PRT-0778-BJ,CAMION BENNE,IVECO,2015,9,OUÉMÉ,163000,MOYEN,COLINA
PRT-0779-BJ,PELLE HYDRAULIQUE,CATERPILLAR,2009,15,LITTORAL,278000,MOYEN,UAB
PRT-0780-BJ,CAMION BENNE,MERCEDES-BENZ,2017,7,COLLINES,266000,BON,COLINA
PRT-0781-BJ,CAMION BENNE,SINO TRUCK,2012,12,COLLINES,262000,BON,SOBAC
PRT-0782-BJ,NIVELEUSE,KOMATSU,2019,5,ALIBORI,166000,BON,SOBAC
PRT-0783-BJ,CAMION MALAXEUR BÉTON,FOTON,2016,8,ALIBORI,282000,BON,SAAR-BÉNIN
PRT-0784-BJ,NIVELEUSE,KOMATSU,2014,10,LITTORAL,320000,MOYEN,NSIA BÉNIN
PRT-0785-BJ,CAMION BENNE,DAF,2022,2,OUÉMÉ,43000,BON,COLINA
PRT-0786-BJ,PELLE HYDRAULIQUE,LIEBHERR,2022,2,BORGOU,57000,BON,SOBAC
PRT-0787-BJ,CAMION BENNE,SINO TRUCK,2019,5,BORGOU,92000,BON,ALLIANZ BÉNIN
PRT-0788-BJ,CAMION CITERNE,FAW,2017,7,ZOU,227000,BON,COLINA
PRT-0789-BJ,VÉHICULE LÉGER 4X4,FORD,2015,9,ZOU,384000,MAUVAIS,SAAR-BÉNIN
PRT-0790-BJ,VÉHICULE LÉGER 4X4,LAND ROVER,2018,6,ALIBORI,137000,BON,COLINA
PRT-0791-BJ,NIVELEUSE,JCB,2022,2,DONGA,47000,BON,SAAR-BÉNIN
PRT-0792-BJ,CAMION PLATEAU,SHACMAN,2017,7,LITTORAL,170000,BON,COLINA
PRT-0793-BJ,CAMION BENNE,VOLVO,2014,10,LITTORAL,220000,MAUVAIS,BGFA BÉNIN
PRT-0794-BJ,VÉHICULE LÉGER 4X4,LAND ROVER,2013,11,ATACORA,371000,MOYEN,COLINA
PRT-0795-BJ,CAMION BENNE,MERCEDES-BENZ,2019,5,OUÉMÉ,135000,BON,COLINA
PRT-0796-BJ,CAMION BENNE,IVECO,2014,10,LITTORAL,221000,MOYEN,SOBAC
PRT-0797-BJ,CAMION BENNE,SINO TRUCK,2020,4,LITTORAL,150000,MOYEN,SOBAC
PRT-0798-BJ,COMPACTEUR,KOMATSU,2014,10,LITTORAL,275000,MAUVAIS,NSIA BÉNIN
PRT-0799-BJ,CAMION CITERNE,SINO TRUCK,2016,8,ATACORA,347000,MOYEN,NSIA BÉNIN
PRT-0800-BJ,CHARGEUR,VOLVO CE,2005,19,COLLINES,319000,MAUVAIS,SAAR-BÉNIN
PRT-0801-BJ,NIVELEUSE,SANY,2022,2,ZOU,51000,BON,COLINA
PRT-0802-BJ,PELLE HYDRAULIQUE,LIEBHERR,2006,18,BORGOU,533000,MAUVAIS,BGFA BÉNIN
PRT-0803-BJ,COMPACTEUR,HITACHI,2007,17,ATLANTIQUE,475000,MOYEN,ALLIANZ BÉNIN
PRT-0804-BJ,CAMION BENNE,MAN,2020,4,ZOU,112000,BON,SAAR-BÉNIN
PRT-0805-BJ,CAMION BENNE,FAW,2018,6,BORGOU,117000,BON,UAB
PRT-0806-BJ,NIVELEUSE,DOOSAN,2017,7,COLLINES,246000,BON,SOBAC
PRT-0807-BJ,NIVELEUSE,VOLVO CE,2007,17,ATLANTIQUE,636000,MAUVAIS,COLINA
PRT-0808-BJ,CAMION BENNE,FOTON,2018,6,OUÉMÉ,158000,BON,COLINA
PRT-0809-BJ,PELLE HYDRAULIQUE,XCMG,2010,14,COUFFO,578000,MAUVAIS,UAB
PRT-0810-BJ,COMPACTEUR,DOOSAN,2006,18,DONGA,674000,MOYEN,SAAR-BÉNIN
PRT-0811-BJ,CAMION BENNE,MAN,2008,16,BORGOU,566000,MOYEN,ALLIANZ BÉNIN
PRT-0812-BJ,CHARGEUR,XCMG,2005,19,OUÉMÉ,475000,MAUVAIS,UAB
PRT-0813-BJ,VÉHICULE LÉGER 4X4,FORD,2011,13,BORGOU,428000,MOYEN,COLINA
PRT-0814-BJ,BULLDOZER,HITACHI,2020,4,COLLINES,151000,MOYEN,SOBAC
PRT-0815-BJ,PELLE HYDRAULIQUE,JCB,2021,3,LITTORAL,62000,BON,NSIA BÉNIN
PRT-0816-BJ,VÉHICULE LÉGER 4X4,LAND ROVER,2013,11,LITTORAL,168000,MOYEN,NSIA BÉNIN
PRT-0817-BJ,VÉHICULE LÉGER 4X4,FORD,2016,8,ATACORA,347000,BON,SOBAC
PRT-0818-BJ,VÉHICULE LÉGER 4X4,ISUZU,2021,3,MONO,55000,BON,SAAR-BÉNIN
PRT-0819-BJ,NIVELEUSE,HITACHI,2007,17,LITTORAL,510000,MAUVAIS,COLINA
PRT-0820-BJ,CAMION MALAXEUR BÉTON,MERCEDES-BENZ,2006,18,ATLANTIQUE,467000,MAUVAIS,UAB
PRT-0821-BJ,VÉHICULE LÉGER 4X4,NISSAN,2005,19,OUÉMÉ,674000,MAUVAIS,SAAR-BÉNIN
PRT-0822-BJ,CAMION BENNE,FAW,2013,11,ALIBORI,482000,MOYEN,UAB
PRT-0823-BJ,CHARGEUR,CATERPILLAR,2022,2,DONGA,45000,BON,ALLIANZ BÉNIN
PRT-0824-BJ,VÉHICULE LÉGER 4X4,ISUZU,2009,15,LITTORAL,558000,MAUVAIS,COLINA
PRT-0825-BJ,CHARGEUR,VOLVO CE,2018,6,ATLANTIQUE,151000,BON,COLINA
PRT-0826-BJ,VÉHICULE LÉGER 4X4,MITSUBISHI,2009,15,ATLANTIQUE,491000,MOYEN,SOBAC
PRT-0827-BJ,CAMION CITERNE,VOLVO,2014,10,BORGOU,448000,MAUVAIS,ALLIANZ BÉNIN
PRT-0828-BJ,VÉHICULE LÉGER 4X4,NISSAN,2010,14,ATLANTIQUE,540000,MAUVAIS,NSIA BÉNIN
PRT-0829-BJ,CAMION BENNE,VOLVO,2005,19,BORGOU,543000,MAUVAIS,UAB
PRT-0830-BJ,VÉHICULE LÉGER 4X4,LAND ROVER,2013,11,LITTORAL,212000,BON,ALLIANZ BÉNIN
PRT-0831-BJ,CAMION BENNE,IVECO,2012,12,COLLINES,190000,MOYEN,SAAR-BÉNIN
PRT-0832-BJ,CAMION BENNE,SHACMAN,2009,15,ZOU,575000,MAUVAIS,SOBAC
PRT-0833-BJ,VÉHICULE LÉGER 4X4,ISUZU,2020,4,PLATEAU,90000,BON,NSIA BÉNIN
PRT-0834-BJ,VÉHICULE LÉGER 4X4,TOYOTA,2013,11,DONGA,407000,MOYEN,ALLIANZ BÉNIN
PRT-0835-BJ,BULLDOZER,KOMATSU,2010,14,DONGA,608000,MAUVAIS,COLINA
PRT-0836-BJ,NIVELEUSE,SANY,2019,5,ATACORA,202000,BON,NSIA BÉNIN
PRT-0837-BJ,COMPACTEUR,JCB,2015,9,OUÉMÉ,304000,MAUVAIS,COLINA
PRT-0838-BJ,NIVELEUSE,CATERPILLAR,2021,3,LITTORAL,90000,BON,BGFA BÉNIN
PRT-0839-BJ,CHARGEUR,VOLVO CE,2021,3,ZOU,117000,BON,NSIA BÉNIN
PRT-0840-BJ,NIVELEUSE,HITACHI,2006,18,LITTORAL,792000,MAUVAIS,SAAR-BÉNIN
PRT-0841-BJ,CAMION CITERNE,IVECO,2019,5,LITTORAL,84000,BON,SOBAC
PRT-0842-BJ,NIVELEUSE,LIEBHERR,2019,5,ALIBORI,193000,BON,COLINA
PRT-0843-BJ,CAMION BENNE,FAW,2009,15,OUÉMÉ,237000,MOYEN,ALLIANZ BÉNIN
PRT-0844-BJ,VÉHICULE LÉGER 4X4,LAND ROVER,2011,13,ATACORA,333000,MOYEN,SOBAC
PRT-0845-BJ,PELLE HYDRAULIQUE,LIEBHERR,2008,16,LITTORAL,572000,MAUVAIS,SAAR-BÉNIN
PRT-0846-BJ,CAMION BENNE,FOTON,2021,3,COLLINES,61000,BON,UAB
PRT-0847-BJ,NIVELEUSE,CATERPILLAR,2010,14,ATACORA,513000,MAUVAIS,BGFA BÉNIN
PRT-0848-BJ,CAMION BENNE,VOLVO,2010,14,BORGOU,351000,MOYEN,SAAR-BÉNIN
PRT-0849-BJ,BULLDOZER,DOOSAN,2014,10,COLLINES,193000,BON,ALLIANZ BÉNIN
PRT-0850-BJ,CAMION BENNE,IVECO,2005,19,PLATEAU,623000,MAUVAIS,BGFA BÉNIN
PRT-0851-BJ,CAMION BENNE,SHACMAN,2012,12,ATLANTIQUE,358000,MOYEN,UAB
PRT-0852-BJ,VÉHICULE LÉGER 4X4,MITSUBISHI,2005,19,ATLANTIQUE,671000,MAUVAIS,SOBAC
PRT-0853-BJ,NIVELEUSE,VOLVO CE,2006,18,LITTORAL,476000,MOYEN,NSIA BÉNIN
PRT-0854-BJ,CAMION BENNE,MERCEDES-BENZ,2014,10,ATLANTIQUE,186000,BON,UAB
PRT-0855-BJ,CAMION PLATEAU,VOLVO,2014,10,COLLINES,345000,MOYEN,COLINA
PRT-0856-BJ,CAMION CITERNE,VOLVO,2019,5,BORGOU,81000,BON,NSIA BÉNIN
PRT-0857-BJ,CAMION CITERNE,SINO TRUCK,2016,8,ATACORA,319000,MAUVAIS,UAB
PRT-0858-BJ,GRUE MOBILE,KOMATSU,2014,10,PLATEAU,432000,BON,SAAR-BÉNIN
PRT-0859-BJ,VÉHICULE LÉGER 4X4,ISUZU,2021,3,ATLANTIQUE,66000,BON,COLINA
PRT-0860-BJ,CAMION BENNE,FAW,2007,17,PLATEAU,694000,MAUVAIS,SOBAC
PRT-0861-BJ,VÉHICULE LÉGER 4X4,MITSUBISHI,2015,9,ATLANTIQUE,319000,MOYEN,SAAR-BÉNIN
PRT-0862-BJ,CAMION MALAXEUR BÉTON,SHACMAN,2021,3,BORGOU,94000,BON,UAB
PRT-0863-BJ,CAMION CITERNE,DAF,2014,10,MONO,158000,BON,UAB
PRT-0864-BJ,COMPACTEUR,KOMATSU,2011,13,ALIBORI,371000,MAUVAIS,NSIA BÉNIN
PRT-0865-BJ,VÉHICULE LÉGER 4X4,MITSUBISHI,2011,13,LITTORAL,315000,MOYEN,SAAR-BÉNIN
PRT-0866-BJ,CAMION CITERNE,IVECO,2014,10,ZOU,152000,MOYEN,NSIA BÉNIN
PRT-0867-BJ,PELLE HYDRAULIQUE,SANY,2017,7,BORGOU,112000,BON,BGFA BÉNIN
PRT-0868-BJ,CAMION BENNE,SINO TRUCK,2015,9,DONGA,275000,MOYEN,BGFA BÉNIN
PRT-0869-BJ,CAMION BENNE,VOLVO,2020,4,LITTORAL,173000,BON,COLINA
PRT-0870-BJ,CHARGEUR,DOOSAN,2018,6,DONGA,192000,BON,SAAR-BÉNIN
PRT-0871-BJ,COMPACTEUR,SANY,2022,2,ZOU,44000,BON,COLINA
PRT-0872-BJ,PELLE HYDRAULIQUE,SANY,2007,17,MONO,272000,MOYEN,SAAR-BÉNIN
PRT-0873-BJ,CAMION PLATEAU,FAW,2010,14,ZOU,483000,MAUVAIS,NSIA BÉNIN
PRT-0874-BJ,CHARGEUR,XCMG,2015,9,BORGOU,161000,MOYEN,UAB
PRT-0875-BJ,CHARGEUR,SANY,2019,5,ALIBORI,161000,BON,SAAR-BÉNIN
PRT-0876-BJ,CAMION BENNE,SINO TRUCK,2006,18,BORGOU,532000,MAUVAIS,COLINA
PRT-0877-BJ,CAMION BENNE,SHACMAN,2021,3,LITTORAL,78000,BON,UAB
PRT-0878-BJ,BULLDOZER,HITACHI,2014,10,BORGOU,436000,BON,NSIA BÉNIN
PRT-0879-BJ,GRUE MOBILE,HITACHI,2009,15,ATLANTIQUE,416000,MOYEN,SOBAC
PRT-0880-BJ,CHARGEUR,KOMATSU,2005,19,ATLANTIQUE,813000,MOYEN,COLINA
PRT-0881-BJ,CHARGEUR,SANY,2019,5,ATACORA,201000,BON,SOBAC
PRT-0882-BJ,BULLDOZER,CATERPILLAR,2014,10,COLLINES,216000,MOYEN,ALLIANZ BÉNIN
PRT-0883-BJ,VÉHICULE LÉGER 4X4,MITSUBISHI,2015,9,BORGOU,215000,MOYEN,ALLIANZ BÉNIN
PRT-0884-BJ,CAMION BENNE,MAN,2005,19,DONGA,349000,MAUVAIS,ALLIANZ BÉNIN
PRT-0885-BJ,NIVELEUSE,HITACHI,2015,9,ATLANTIQUE,372000,MAUVAIS,SAAR-BÉNIN
PRT-0886-BJ,COMPACTEUR,LIEBHERR,2007,17,ATLANTIQUE,556000,MAUVAIS,UAB
PRT-0887-BJ,CAMION BENNE,MERCEDES-BENZ,2020,4,ATACORA,110000,BON,NSIA BÉNIN
PRT-0888-BJ,CAMION BENNE,FOTON,2010,14,BORGOU,499000,MAUVAIS,BGFA BÉNIN
PRT-0889-BJ,PELLE HYDRAULIQUE,DOOSAN,2016,8,ATLANTIQUE,307000,MAUVAIS,BGFA BÉNIN
PRT-0890-BJ,PELLE HYDRAULIQUE,HITACHI,2007,17,MONO,514000,MAUVAIS,COLINA
PRT-0891-BJ,CAMION BENNE,SHACMAN,2008,16,PLATEAU,612000,MAUVAIS,BGFA BÉNIN
PRT-0892-BJ,VÉHICULE LÉGER 4X4,NISSAN,2012,12,LITTORAL,281000,MAUVAIS,SAAR-BÉNIN
PRT-0893-BJ,VÉHICULE LÉGER 4X4,LAND ROVER,2015,9,BORGOU,269000,MAUVAIS,UAB
PRT-0894-BJ,CAMION BENNE,SHACMAN,2008,16,OUÉMÉ,330000,MAUVAIS,SAAR-BÉNIN
PRT-0895-BJ,CAMION CITERNE,VOLVO,2021,3,LITTORAL,125000,BON,SOBAC
PRT-0896-BJ,CAMION CITERNE,SINO TRUCK,2022,2,COLLINES,82000,BON,SAAR-BÉNIN
PRT-0897-BJ,NIVELEUSE,JCB,2018,6,ATLANTIQUE,121000,BON,UAB
PRT-0898-BJ,VÉHICULE LÉGER 4X4,FORD,2011,13,ALIBORI,529000,MAUVAIS,UAB
PRT-0899-BJ,COMPACTEUR,SANY,2022,2,BORGOU,41000,BON,SOBAC
PRT-0900-BJ,PELLE HYDRAULIQUE,DOOSAN,2008,16,COLLINES,531000,MAUVAIS,NSIA BÉNIN
