id_sinistre,annee,mois,date_accident,immatriculation,type_engin,marque,age_vehicule_ans,etat_vehicule,departement_accident,axe_routier,type_accident,responsabilite,gravite,tiers_implique,assureur,montant_declare_fcfa,franchise_fcfa,montant_indemnise_fcfa,delai_declaration_jours,delai_reglement_jours,statut_dossier,conducteur_anciennete_ans,type_sinistre
AUTO-2022-001,2022,7,2022-07-17,PRT-0108-BJ,Niveleuse,Liebherr,13,Mauvais,Ouémé,RN6 Natitingou-Kérou,Collision frontale,Responsable,Matériel grave,Oui,COLINA,1745000,339000,1101000.0,7,119.0,Réglé,17,AUTO
AUTO-2022-002,2022,3,2022-03-02,PRT-0068-BJ,Bulldozer,Liebherr,10,Mauvais,Alibori,Voirie urbaine Parakou,Renversement,Responsable,Matériel léger,Oui,SAAR-Bénin,242000,114000,0.0,5,,En cours,19,AUTO
AUTO-2022-003,2022,9,2022-09-15,PRT-0318-BJ,Camion benne,MAN,9,Mauvais,Atlantique,RN7 Cotonou-Ouidah,Accrochage mineur,Responsabilité partagée,Matériel léger,Oui,COLINA,471000,270000,0.0,5,,En expertise,10,AUTO
AUTO-2022-004,2022,8,2022-08-27,PRT-0586-BJ,Niveleuse,Volvo CE,4,Bon,Borgou,Voirie urbaine Parakou,Accrochage mineur,Responsable,Matériel grave,Non,NSIA Bénin,6000000,321000,4851000.0,2,44.0,Réglé,5,AUTO
AUTO-2022-005,2022,9,2022-09-27,PRT-0395-BJ,Camion malaxeur béton,DAF,2,Bon,Ouémé,Piste rurale,Sortie de route,Responsabilité partagée,Matériel léger,Non,COLINA,500000,243000,210000.0,9,87.0,Réglé,17,AUTO
AUTO-2022-006,2022,9,2022-09-28,PRT-0603-BJ,Véhicule léger 4x4,Nissan,17,Mauvais,Atlantique,RN2 Cotonou-Parakou,Sortie de route,Responsabilité partagée,Matériel grave,Oui,NSIA Bénin,1834000,307000,1390000.0,9,73.0,Litigieux,5,AUTO
AUTO-2022-007,2022,7,2022-07-15,PRT-0497-BJ,Camion benne,SINO TRUCK,12,Mauvais,Littoral,RN1 Cotonou-Lomé,Écrasement obstacle fixe,Responsable,Matériel grave,Non,NSIA Bénin,2196000,308000,1375000.0,10,40.0,Réglé,14,AUTO
AUTO-2022-008,2022,3,2022-03-12,PRT-0646-BJ,Véhicule léger 4x4,Toyota,15,Mauvais,Zou,RN2 Cotonou-Parakou,Collision par l'arrière,Responsable,Matériel léger,Oui,NSIA Bénin,397000,191000,164000.0,3,23.0,Réglé,19,AUTO
AUTO-2022-009,2022,6,2022-06-10,PRT-0539-BJ,Véhicule léger 4x4,Isuzu,9,Bon,Atacora,Voirie urbaine Parakou,Écrasement obstacle fixe,Non responsable,Matériel léger,Non,SAAR-Bénin,276000,101000,129000.0,10,25.0,Réglé,10,AUTO
AUTO-2022-010,2022,7,2022-07-11,PRT-0844-BJ,Véhicule léger 4x4,Land Rover,13,Moyen,Borgou,Voirie urbaine Parakou,Accrochage mineur,Non responsable,Matériel grave,Non,SOBAC,768000,140000,556000.0,3,117.0,Réglé,11,AUTO
AUTO-2022-011,2022,2,2022-02-20,PRT-0508-BJ,Finisseur asphalte,Doosan,9,Mauvais,Collines,RN6 Natitingou-Kérou,Collision par l'arrière,Responsabilité partagée,Matériel grave,Oui,COLINA,1922000,202000,1538000.0,2,76.0,Réglé,6,AUTO
AUTO-2022-012,2022,9,2022-09-19,PRT-0767-BJ,Véhicule léger 4x4,Nissan,19,Mauvais,Collines,Route départementale,Collision latérale,Non responsable,Corporel léger,Oui,UAB,5206000,137000,3903000.0,10,99.0,Réglé,2,AUTO
AUTO-2022-013,2022,12,2022-12-17,PRT-0400-BJ,Chargeur,Hitachi,17,Moyen,Littoral,RN3 Parakou-Malanville,Collision frontale,Responsable,Matériel grave,Oui,SAAR-Bénin,2018000,381000,1187000.0,4,120.0,Réglé,19,AUTO
AUTO-2022-014,2022,6,2022-06-26,PRT-0758-BJ,Camion benne,Volvo,19,Moyen,Zou,Route départementale,Renversement,Responsable,Matériel léger,Oui,BGFA Bénin,437000,359000,65000.0,6,73.0,Réglé,13,AUTO
AUTO-2022-015,2022,5,2022-05-04,PRT-0092-BJ,Véhicule léger 4x4,Toyota,13,Moyen,Mono,RN2 Cotonou-Parakou,Collision latérale,Responsable,Matériel grave,Oui,Allianz Bénin,2725000,177000,2038000.0,1,72.0,Réglé,20,AUTO
AUTO-2022-016,2022,12,2022-12-06,PRT-0524-BJ,Camion plateau,SHACMAN,16,Mauvais,Littoral,Voirie urbaine Cotonou,Sortie de route,Responsable,Matériel léger,Non,SOBAC,125000,143000,0.0,2,,En expertise,2,AUTO
AUTO-2022-017,2022,4,2022-04-25,PRT-0054-BJ,Camion benne,SINO TRUCK,2,Bon,Collines,RN1 Cotonou-Lomé,Renversement,Non responsable,Matériel léger,Non,NSIA Bénin,219000,216000,2000.0,8,79.0,Réglé,1,AUTO
AUTO-2022-018,2022,6,2022-06-08,PRT-0643-BJ,Véhicule léger 4x4,Toyota,16,Mauvais,Atacora,RN6 Natitingou-Kérou,Renversement,Responsabilité partagée,Matériel léger,Oui,COLINA,253000,303000,0.0,10,120.0,Réglé,14,AUTO
AUTO-2022-019,2022,6,2022-06-28,PRT-0474-BJ,Camion citerne,FAW,12,Mauvais,Collines,Route départementale,Collision par l'arrière,Responsable,Matériel léger,Oui,Allianz Bénin,136000,396000,0.0,7,,En cours,18,AUTO
AUTO-2022-020,2022,6,2022-06-01,PRT-0573-BJ,Camion benne,Mercedes-Benz,12,Mauvais,Alibori,Piste rurale,Renversement,Responsable,Corporel grave,Non,Allianz Bénin,17018000,392000,16006000.0,5,81.0,Réglé,22,AUTO
AUTO-2022-021,2022,6,2022-06-12,PRT-0410-BJ,Camion citerne,Volvo,14,Mauvais,Alibori,RN6 Natitingou-Kérou,Écrasement obstacle fixe,Responsable,Matériel léger,Oui,SOBAC,196000,114000,0.0,2,,En cours,13,AUTO
AUTO-2022-022,2022,9,2022-09-27,PRT-0804-BJ,Camion benne,MAN,4,Bon,Littoral,RN7 Cotonou-Ouidah,Collision latérale,Responsabilité partagée,Matériel grave,Oui,SAAR-Bénin,2289000,163000,1974000.0,5,107.0,Réglé,15,AUTO
AUTO-2022-023,2022,5,2022-05-22,PRT-0284-BJ,Camion benne,SHACMAN,12,Bon,Couffo,RN1 Cotonou-Lagos,Sortie de route,Responsabilité partagée,Matériel léger,Non,BGFA Bénin,500000,199000,227000.0,1,20.0,Litigieux,22,AUTO
AUTO-2022-024,2022,4,2022-04-18,PRT-0099-BJ,Compacteur,Hitachi,4,Moyen,Atacora,Route départementale,Écrasement obstacle fixe,Responsable,Matériel grave,Oui,SAAR-Bénin,1201000,124000,0.0,1,,En expertise,22,AUTO
AUTO-2022-025,2022,6,2022-06-04,PRT-0171-BJ,Camion malaxeur béton,IVECO,18,Moyen,Ouémé,RN1 Cotonou-Lomé,Écrasement obstacle fixe,Non responsable,Corporel léger,Oui,Allianz Bénin,1931000,216000,0.0,8,,En expertise,12,AUTO
AUTO-2022-026,2022,11,2022-11-15,PRT-0684-BJ,Camion benne,FAW,11,Moyen,Littoral,RN3 Parakou-Malanville,Écrasement obstacle fixe,Responsable,Matériel grave,Non,COLINA,1863000,376000,1105000.0,4,98.0,Réglé,16,AUTO
AUTO-2022-027,2022,12,2022-12-02,PRT-0761-BJ,Camion benne,IVECO,7,Bon,Atlantique,RN1 Cotonou-Lomé,Accrochage mineur,Non responsable,Corporel grave,Non,SOBAC,17033000,102000,0.0,5,,Refusé,19,AUTO
AUTO-2022-028,2022,7,2022-07-06,PRT-0544-BJ,Niveleuse,Liebherr,17,Mauvais,Zou,RN2 Cotonou-Parakou,Renversement,Non responsable,Matériel grave,Oui,BGFA Bénin,2133000,281000,1617000.0,5,115.0,Réglé,19,AUTO
AUTO-2022-029,2022,10,2022-10-17,PRT-0676-BJ,Véhicule léger 4x4,Isuzu,19,Moyen,Borgou,Route départementale,Écrasement obstacle fixe,Non responsable,Matériel léger,Non,Allianz Bénin,292000,398000,0.0,8,,En cours,1,AUTO
AUTO-2022-030,2022,11,2022-11-21,PRT-0224-BJ,Véhicule léger 4x4,Ford,15,Mauvais,Borgou,RN1 Cotonou-Lomé,Écrasement obstacle fixe,Responsabilité partagée,Matériel grave,Non,SOBAC,2880000,230000,0.0,9,,Refusé,15,AUTO
AUTO-2022-031,2022,7,2022-07-17,PRT-0093-BJ,Compacteur,Komatsu,14,Moyen,Borgou,RN3 Parakou-Malanville,Collision par l'arrière,Responsable,Corporel léger,Oui,SAAR-Bénin,2186000,376000,1452000.0,6,70.0,Réglé,3,AUTO
AUTO-2022-032,2022,11,2022-11-26,PRT-0136-BJ,Niveleuse,Doosan,12,Bon,Littoral,RN1 Cotonou-Lomé,Accrochage mineur,Responsable,Matériel grave,Oui,COLINA,2069000,122000,1485000.0,1,59.0,Réglé,16,AUTO
AUTO-2022-033,2022,6,2022-06-01,PRT-0667-BJ,Pelle hydraulique,Liebherr,8,Mauvais,Collines,RN7 Cotonou-Ouidah,Collision latérale,Non responsable,Matériel grave,Oui,SOBAC,1984000,174000,1754000.0,9,26.0,Réglé,8,AUTO
AUTO-2022-034,2022,11,2022-11-25,PRT-0207-BJ,Véhicule léger 4x4,Land Rover,8,Mauvais,Collines,Voirie urbaine Cotonou,Collision frontale,Non responsable,Matériel grave,Oui,UAB,4583000,274000,3170000.0,6,24.0,Réglé,3,AUTO
AUTO-2022-035,2022,9,2022-09-02,PRT-0056-BJ,Camion citerne,FOTON,15,Moyen,Atacora,RN6 Natitingou-Kérou,Collision latérale,Non responsable,Matériel grave,Oui,BGFA Bénin,1096000,230000,636000.0,7,26.0,Réglé,13,AUTO
AUTO-2022-036,2022,2,2022-02-25,PRT-0098-BJ,Chargeur,Doosan,15,Mauvais,Ouémé,RN7 Cotonou-Ouidah,Écrasement obstacle fixe,Non responsable,Corporel léger,Oui,SAAR-Bénin,2914000,103000,2605000.0,1,99.0,Réglé,15,AUTO
AUTO-2022-037,2022,7,2022-07-19,PRT-0231-BJ,Camion benne,SHACMAN,13,Mauvais,Littoral,Route départementale,Renversement,Non responsable,Matériel léger,Oui,UAB,166000,278000,0.0,5,,En expertise,12,AUTO
AUTO-2022-038,2022,6,2022-06-24,PRT-0857-BJ,Camion citerne,SINO TRUCK,8,Mauvais,Collines,RN7 Cotonou-Ouidah,Collision par l'arrière,Non responsable,Matériel léger,Oui,UAB,239000,118000,101000.0,5,103.0,Réglé,19,AUTO
AUTO-2022-039,2022,11,2022-11-25,PRT-0321-BJ,Véhicule léger 4x4,Ford,13,Mauvais,Littoral,RN1 Cotonou-Lagos,Renversement,Responsable,Matériel grave,Oui,UAB,649000,211000,382000.0,4,106.0,Réglé,17,AUTO
AUTO-2022-040,2022,10,2022-10-18,PRT-0725-BJ,Compacteur,SANY,8,Moyen,Alibori,Voirie urbaine Parakou,Collision par l'arrière,Responsabilité partagée,Matériel grave,Oui,SAAR-Bénin,1528000,292000,912000.0,8,44.0,Réglé,20,AUTO
AUTO-2022-041,2022,9,2022-09-28,PRT-0801-BJ,Niveleuse,SANY,2,Bon,Zou,RN3 Parakou-Malanville,Renversement,Responsable,Corporel grave,Non,COLINA,13014000,199000,12146000.0,1,25.0,Réglé,21,AUTO
AUTO-2022-042,2022,4,2022-04-08,PRT-0674-BJ,Camion benne,FOTON,8,Mauvais,Plateau,RN2 Cotonou-Parakou,Sortie de route,Non responsable,Matériel léger,Non,COLINA,120000,386000,0.0,1,46.0,Réglé,12,AUTO
AUTO-2022-043,2022,1,2022-01-12,PRT-0647-BJ,Camion benne,Volvo,11,Moyen,Littoral,RN3 Parakou-Malanville,Collision latérale,Responsable,Matériel léger,Oui,SAAR-Bénin,434000,289000,118000.0,4,23.0,Litigieux,10,AUTO
AUTO-2022-044,2022,4,2022-04-09,PRT-0259-BJ,Camion benne,Mercedes-Benz,17,Mauvais,Borgou,RN2 Cotonou-Parakou,Renversement,Responsable,Matériel léger,Oui,BGFA Bénin,226000,159000,53000.0,7,32.0,Réglé,21,AUTO
AUTO-2022-045,2022,10,2022-10-04,PRT-0042-BJ,Compacteur,Volvo CE,7,Moyen,Atlantique,RN1 Cotonou-Lomé,Sortie de route,Responsable,Matériel léger,Non,COLINA,342000,343000,0.0,2,,En cours,5,AUTO
AUTO-2022-046,2022,11,2022-11-05,PRT-0703-BJ,Camion benne,Volvo,4,Bon,Alibori,Route départementale,Sortie de route,Non responsable,Matériel léger,Oui,BGFA Bénin,225000,195000,27000.0,5,25.0,Réglé,5,AUTO
AUTO-2022-047,2022,5,2022-05-02,PRT-0599-BJ,Véhicule léger 4x4,Land Rover,12,Moyen,Collines,RN3 Parakou-Malanville,Collision par l'arrière,Responsabilité partagée,Matériel léger,Oui,UAB,326000,391000,0.0,2,,En expertise,16,AUTO
AUTO-2022-048,2022,10,2022-10-20,PRT-0450-BJ,Camion benne,FAW,10,Moyen,Littoral,RN7 Cotonou-Ouidah,Écrasement obstacle fixe,Responsabilité partagée,Matériel grave,Non,BGFA Bénin,804000,325000,410000.0,9,42.0,Réglé,16,AUTO
AUTO-2022-049,2022,9,2022-09-16,PRT-0335-BJ,Camion plateau,SHACMAN,18,Moyen,Plateau,RN3 Parakou-Malanville,Accrochage mineur,Responsabilité partagée,Matériel grave,Non,BGFA Bénin,2269000,275000,1549000.0,7,45.0,Réglé,7,AUTO
AUTO-2022-050,2022,5,2022-05-13,PRT-0883-BJ,Véhicule léger 4x4,Mitsubishi,9,Moyen,Zou,RN6 Natitingou-Kérou,Collision latérale,Responsable,Corporel grave,Oui,Allianz Bénin,13194000,125000,0.0,8,,En cours,17,AUTO
AUTO-2022-051,2022,6,2022-06-19,PRT-0690-BJ,Pelle hydraulique,JCB,12,Moyen,Littoral,RN6 Natitingou-Kérou,Collision latérale,Responsable,Matériel grave,Oui,UAB,594000,240000,329000.0,7,60.0,Réglé,1,AUTO
AUTO-2022-052,2022,4,2022-04-08,PRT-0330-BJ,Niveleuse,Hitachi,13,Moyen,Atlantique,RN3 Parakou-Malanville,Collision frontale,Responsable,Matériel léger,Oui,BGFA Bénin,244000,251000,0.0,2,55.0,Réglé,4,AUTO
AUTO-2022-053,2022,2,2022-02-02,PRT-0081-BJ,Camion benne,Volvo,13,Mauvais,Zou,RN3 Parakou-Malanville,Accrochage mineur,Responsable,Matériel léger,Non,UAB,392000,191000,0.0,10,,En expertise,5,AUTO
AUTO-2022-054,2022,12,2022-12-25,PRT-0217-BJ,Chargeur,Doosan,13,Mauvais,Borgou,Voirie urbaine Cotonou,Collision latérale,Responsable,Matériel grave,Oui,NSIA Bénin,1246000,190000,0.0,7,,En expertise,19,AUTO
AUTO-2022-055,2022,9,2022-09-01,PRT-0833-BJ,Véhicule léger 4x4,Isuzu,4,Bon,Plateau,RN3 Parakou-Malanville,Écrasement obstacle fixe,Responsabilité partagée,Matériel grave,Non,NSIA Bénin,6000000,360000,5121000.0,9,46.0,Réglé,19,AUTO
AUTO-2022-056,2022,9,2022-09-25,PRT-0326-BJ,Camion citerne,MAN,10,Moyen,Plateau,Voirie urbaine Cotonou,Collision latérale,Non responsable,Corporel léger,Oui,UAB,3578000,194000,3114000.0,4,109.0,Réglé,15,AUTO
AUTO-2022-057,2022,6,2022-06-18,PRT-0823-BJ,Chargeur,Caterpillar,2,Bon,Littoral,RN3 Parakou-Malanville,Écrasement obstacle fixe,Responsable,Matériel léger,Non,Allianz Bénin,500000,383000,109000.0,7,65.0,Réglé,14,AUTO
AUTO-2022-058,2022,9,2022-09-13,PRT-0895-BJ,Camion citerne,Volvo,3,Bon,Borgou,RN2 Cotonou-Parakou,Collision latérale,Responsable,Matériel grave,Oui,SOBAC,1946000,107000,0.0,3,,En cours,11,AUTO
AUTO-2022-059,2022,7,2022-07-26,PRT-0143-BJ,Véhicule léger 4x4,Toyota,5,Moyen,Collines,Voirie urbaine Parakou,Écrasement obstacle fixe,Responsable,Matériel grave,Oui,SOBAC,2997000,214000,2050000.0,2,69.0,Litigieux,11,AUTO
AUTO-2022-060,2022,7,2022-07-15,PRT-0198-BJ,Bulldozer,Komatsu,18,Mauvais,Collines,RN1 Cotonou-Lagos,Collision par l'arrière,Responsable,Matériel léger,Oui,SOBAC,128000,266000,0.0,3,82.0,Réglé,7,AUTO
AUTO-2022-061,2022,2,2022-02-13,PRT-0622-BJ,Niveleuse,SANY,16,Mauvais,Atlantique,Voirie urbaine Cotonou,Accrochage mineur,Responsable,Matériel léger,Non,COLINA,461000,236000,163000.0,3,61.0,Réglé,4,AUTO
AUTO-2022-062,2022,3,2022-03-14,PRT-0543-BJ,Camion malaxeur béton,FOTON,4,Moyen,Plateau,RN2 Cotonou-Parakou,Écrasement obstacle fixe,Responsable,Matériel léger,Non,NSIA Bénin,500000,361000,130000.0,10,105.0,Réglé,19,AUTO
AUTO-2022-063,2022,11,2022-11-19,PRT-0249-BJ,Camion benne,SHACMAN,4,Moyen,Atlantique,Route départementale,Sortie de route,Responsable,Matériel grave,Oui,SOBAC,1363000,102000,929000.0,6,71.0,Réglé,19,AUTO
AUTO-2022-064,2022,10,2022-10-15,PRT-0535-BJ,Véhicule léger 4x4,Toyota,3,Bon,Plateau,RN6 Natitingou-Kérou,Collision frontale,Responsable,Matériel léger,Oui,UAB,120000,364000,0.0,7,111.0,Réglé,20,AUTO
AUTO-2022-065,2022,10,2022-10-28,PRT-0559-BJ,Camion plateau,IVECO,6,Moyen,Littoral,Voirie urbaine Cotonou,Renversement,Non responsable,Matériel léger,Oui,SOBAC,257000,237000,15000.0,1,92.0,Litigieux,8,AUTO
AUTO-2022-066,2022,11,2022-11-06,PRT-0174-BJ,Camion benne,Mercedes-Benz,18,Moyen,Atlantique,RN3 Parakou-Malanville,Collision latérale,Non responsable,Matériel grave,Oui,BGFA Bénin,1625000,120000,0.0,8,,En cours,14,AUTO
AUTO-2022-067,2022,12,2022-12-18,PRT-0260-BJ,Bulldozer,Liebherr,19,Mauvais,Littoral,Route départementale,Écrasement obstacle fixe,Responsable,Matériel léger,Oui,UAB,197000,330000,0.0,1,52.0,Réglé,15,AUTO
AUTO-2022-068,2022,1,2022-01-21,PRT-0803-BJ,Compacteur,Hitachi,17,Moyen,Borgou,RN2 Cotonou-Parakou,Sortie de route,Responsable,Matériel grave,Oui,Allianz Bénin,2764000,220000,1857000.0,6,52.0,Réglé,22,AUTO
AUTO-2022-069,2022,9,2022-09-16,PRT-0650-BJ,Véhicule léger 4x4,Land Rover,10,Moyen,Plateau,RN1 Cotonou-Lagos,Accrochage mineur,Responsable,Matériel léger,Oui,UAB,140000,385000,0.0,10,40.0,Réglé,4,AUTO
AUTO-2022-070,2022,4,2022-04-04,PRT-0267-BJ,Pelle hydraulique,SANY,8,Moyen,Zou,RN3 Parakou-Malanville,Collision frontale,Non responsable,Matériel léger,Oui,SAAR-Bénin,326000,103000,186000.0,1,42.0,Réglé,22,AUTO
AUTO-2022-071,2022,7,2022-07-15,PRT-0736-BJ,Niveleuse,Doosan,17,Moyen,Borgou,Voirie urbaine Cotonou,Écrasement obstacle fixe,Responsable,Corporel léger,Oui,Allianz Bénin,5076000,299000,0.0,5,,En cours,15,AUTO
AUTO-2022-072,2022,1,2022-01-01,PRT-0050-BJ,Camion benne,DAF,9,Moyen,Littoral,RN1 Cotonou-Lagos,Collision par l'arrière,Responsabilité partagée,Matériel léger,Oui,COLINA,500000,212000,214000.0,1,73.0,Réglé,11,AUTO
AUTO-2022-073,2022,10,2022-10-22,PRT-0093-BJ,Compacteur,Komatsu,14,Moyen,Collines,Route départementale,Collision frontale,Non responsable,Matériel léger,Oui,SAAR-Bénin,158000,349000,0.0,2,73.0,Réglé,11,AUTO
AUTO-2022-074,2022,5,2022-05-21,PRT-0118-BJ,Niveleuse,Liebherr,19,Mauvais,Littoral,RN1 Cotonou-Lagos,Renversement,Responsable,Matériel léger,Oui,SAAR-Bénin,349000,228000,90000.0,7,61.0,Réglé,21,AUTO
AUTO-2022-075,2022,5,2022-05-13,PRT-0751-BJ,Véhicule léger 4x4,Toyota,6,Bon,Atlantique,RN6 Natitingou-Kérou,Accrochage mineur,Non responsable,Matériel léger,Non,NSIA Bénin,199000,295000,0.0,10,47.0,Réglé,16,AUTO
AUTO-2022-076,2022,12,2022-12-04,PRT-0109-BJ,Camion plateau,FAW,10,Mauvais,Borgou,RN2 Cotonou-Parakou,Écrasement obstacle fixe,Non responsable,Corporel léger,Non,Allianz Bénin,4346000,176000,3354000.0,6,100.0,Réglé,6,AUTO
AUTO-2022-077,2022,8,2022-08-23,PRT-0462-BJ,Niveleuse,SANY,3,Bon,Atlantique,Route départementale,Sortie de route,Responsable,Corporel léger,Oui,SOBAC,9000000,105000,7443000.0,10,85.0,Litigieux,1,AUTO
AUTO-2022-078,2022,5,2022-05-20,PRT-0599-BJ,Véhicule léger 4x4,Land Rover,12,Moyen,Borgou,RN1 Cotonou-Lagos,Collision par l'arrière,Non responsable,Matériel léger,Oui,UAB,450000,327000,0.0,3,,En cours,12,AUTO
AUTO-2022-079,2022,7,2022-07-07,PRT-0323-BJ,Véhicule léger 4x4,Nissan,19,Moyen,Littoral,Voirie urbaine Parakou,Collision frontale,Responsable,Matériel léger,Oui,SAAR-Bénin,151000,318000,0.0,6,,Refusé,5,AUTO
AUTO-2022-080,2022,5,2022-05-21,PRT-0722-BJ,Véhicule léger 4x4,Mitsubishi,15,Mauvais,Borgou,RN7 Cotonou-Ouidah,Écrasement obstacle fixe,Responsabilité partagée,Matériel léger,Non,COLINA,120000,294000,0.0,4,113.0,Réglé,7,AUTO
AUTO-2022-081,2022,7,2022-07-22,PRT-0172-BJ,Chargeur,Komatsu,8,Mauvais,Couffo,RN1 Cotonou-Lomé,Accrochage mineur,Non responsable,Corporel léger,Oui,NSIA Bénin,2006000,282000,1385000.0,8,76.0,Réglé,3,AUTO
AUTO-2022-082,2022,12,2022-12-02,PRT-0061-BJ,Chargeur,XCMG,8,Moyen,Collines,RN3 Parakou-Malanville,Collision par l'arrière,Responsable,Matériel léger,Oui,COLINA,120000,152000,0.0,9,46.0,Réglé,3,AUTO
AUTO-2022-083,2022,6,2022-06-15,PRT-0625-BJ,Camion benne,Volvo,10,Bon,Atlantique,RN3 Parakou-Malanville,Collision par l'arrière,Responsable,Matériel grave,Oui,SOBAC,907000,282000,544000.0,5,101.0,Réglé,16,AUTO
AUTO-2022-084,2022,2,2022-02-12,PRT-0719-BJ,Camion citerne,MAN,17,Mauvais,Ouémé,Voirie urbaine Cotonou,Sortie de route,Responsable,Matériel léger,Oui,NSIA Bénin,500000,283000,165000.0,7,81.0,Réglé,3,AUTO
AUTO-2022-085,2022,9,2022-09-10,PRT-0395-BJ,Camion malaxeur béton,DAF,2,Bon,Collines,RN1 Cotonou-Lomé,Accrochage mineur,Responsable,Matériel léger,Non,COLINA,500000,214000,227000.0,6,91.0,Réglé,5,AUTO
AUTO-2022-086,2022,9,2022-09-07,PRT-0017-BJ,Camion benne,Mercedes-Benz,16,Moyen,Littoral,Voirie urbaine Cotonou,Collision frontale,Responsabilité partagée,Matériel léger,Oui,UAB,153000,319000,0.0,6,73.0,Réglé,13,AUTO
AUTO-2022-087,2022,7,2022-07-21,PRT-0270-BJ,Camion plateau,Volvo,17,Mauvais,Couffo,Voirie urbaine Cotonou,Collision frontale,Responsabilité partagée,Matériel léger,Oui,SOBAC,372000,137000,179000.0,5,117.0,Litigieux,12,AUTO
AUTO-2022-088,2022,7,2022-07-16,PRT-0711-BJ,Camion citerne,IVECO,5,Bon,Collines,RN3 Parakou-Malanville,Collision frontale,Non responsable,Matériel léger,Oui,Allianz Bénin,120000,378000,0.0,8,,En cours,2,AUTO
AUTO-2022-089,2022,11,2022-11-12,PRT-0672-BJ,Véhicule léger 4x4,Isuzu,5,Bon,Collines,RN6 Natitingou-Kérou,Accrochage mineur,Non responsable,Matériel grave,Oui,SAAR-Bénin,2881000,144000,0.0,4,,En cours,20,AUTO
AUTO-2022-090,2022,8,2022-08-22,PRT-0306-BJ,Camion benne,IVECO,10,Moyen,Alibori,Voirie urbaine Cotonou,Écrasement obstacle fixe,Responsable,Matériel léger,Oui,SAAR-Bénin,134000,313000,0.0,3,30.0,Réglé,14,AUTO
AUTO-2022-091,2022,5,2022-05-10,PRT-0464-BJ,Camion citerne,Mercedes-Benz,9,Moyen,Zou,RN1 Cotonou-Lomé,Sortie de route,Non responsable,Matériel grave,Oui,SAAR-Bénin,848000,320000,0.0,10,,En cours,12,AUTO
AUTO-2022-092,2022,10,2022-10-09,PRT-0058-BJ,Camion citerne,DAF,11,Mauvais,Borgou,Voirie urbaine Cotonou,Sortie de route,Non responsable,Corporel grave,Oui,BGFA Bénin,9788000,102000,8212000.0,9,32.0,Réglé,14,AUTO
AUTO-2022-093,2022,8,2022-08-24,PRT-0330-BJ,Niveleuse,Hitachi,13,Moyen,Ouémé,Piste rurale,Collision par l'arrière,Non responsable,Matériel léger,Oui,BGFA Bénin,398000,159000,231000.0,4,77.0,Réglé,6,AUTO
AUTO-2022-094,2022,4,2022-04-24,PRT-0806-BJ,Niveleuse,Doosan,7,Bon,Littoral,RN2 Cotonou-Parakou,Collision latérale,Responsabilité partagée,Corporel léger,Oui,SOBAC,4535000,361000,3996000.0,2,33.0,Réglé,10,AUTO
AUTO-2022-095,2022,2,2022-02-04,PRT-0555-BJ,Camion benne,FAW,8,Moyen,Atlantique,RN1 Cotonou-Lagos,Renversement,Responsable,Matériel léger,Oui,SAAR-Bénin,421000,246000,0.0,5,,En cours,1,AUTO
AUTO-2022-096,2022,8,2022-08-26,PRT-0093-BJ,Compacteur,Komatsu,14,Moyen,Couffo,Voirie urbaine Parakou,Renversement,Non responsable,Matériel léger,Non,SAAR-Bénin,217000,213000,4000.0,6,54.0,Réglé,20,AUTO
AUTO-2022-097,2022,6,2022-06-12,PRT-0235-BJ,Camion malaxeur béton,Volvo,6,Moyen,Borgou,Voirie urbaine Cotonou,Collision latérale,Non responsable,Matériel léger,Oui,UAB,297000,382000,0.0,10,,En cours,2,AUTO
AUTO-2022-098,2022,12,2022-12-28,PRT-0288-BJ,Véhicule léger 4x4,Toyota,10,Mauvais,Atlantique,RN1 Cotonou-Lagos,Sortie de route,Responsabilité partagée,Matériel léger,Oui,SOBAC,445000,221000,0.0,10,,En expertise,4,AUTO
AUTO-2022-099,2022,10,2022-10-09,PRT-0873-BJ,Camion plateau,FAW,14,Mauvais,Donga,Voirie urbaine Parakou,Collision par l'arrière,Responsable,Corporel léger,Oui,NSIA Bénin,2983000,286000,0.0,9,,En cours,14,AUTO
AUTO-2022-100,2022,8,2022-08-01,PRT-0891-BJ,Camion benne,SHACMAN,16,Mauvais,Couffo,Voirie urbaine Parakou,Écrasement obstacle fixe,Responsable,Corporel grave,Non,BGFA Bénin,16869000,290000,0.0,4,,En expertise,20,AUTO
AUTO-2022-101,2022,7,2022-07-24,PRT-0882-BJ,Bulldozer,Caterpillar,10,Moyen,Collines,Voirie urbaine Cotonou,Sortie de route,Responsabilité partagée,Matériel léger,Oui,Allianz Bénin,288000,382000,0.0,5,109.0,Réglé,20,AUTO
AUTO-2022-102,2022,4,2022-04-05,PRT-0060-BJ,Grue mobile,Volvo CE,12,Bon,Atacora,RN2 Cotonou-Parakou,Écrasement obstacle fixe,Responsabilité partagée,Corporel léger,Non,SAAR-Bénin,3798000,251000,3289000.0,8,58.0,Réglé,4,AUTO
AUTO-2022-103,2022,7,2022-07-18,PRT-0809-BJ,Pelle hydraulique,XCMG,14,Mauvais,Atlantique,RN7 Cotonou-Ouidah,Écrasement obstacle fixe,Responsabilité partagée,Matériel léger,Oui,UAB,321000,310000,11000.0,7,23.0,Réglé,9,AUTO
AUTO-2022-104,2022,4,2022-04-09,PRT-0712-BJ,Bulldozer,Doosan,5,Moyen,Collines,RN3 Parakou-Malanville,Accrochage mineur,Responsable,Corporel grave,Non,NSIA Bénin,5912000,141000,5244000.0,10,31.0,Réglé,20,AUTO
AUTO-2022-105,2022,2,2022-02-11,PRT-0201-BJ,Niveleuse,XCMG,18,Mauvais,Ouémé,RN3 Parakou-Malanville,Accrochage mineur,Non responsable,Matériel grave,Non,NSIA Bénin,1315000,296000,0.0,4,,En cours,9,AUTO
AUTO-2022-106,2022,3,2022-03-03,PRT-0455-BJ,Camion benne,MAN,19,Moyen,Littoral,Piste rurale,Renversement,Responsabilité partagée,Matériel léger,Non,BGFA Bénin,308000,323000,0.0,1,60.0,Réglé,10,AUTO
AUTO-2022-107,2022,2,2022-02-18,PRT-0372-BJ,Camion benne,Mercedes-Benz,14,Mauvais,Littoral,Route départementale,Sortie de route,Responsable,Matériel léger,Oui,BGFA Bénin,198000,210000,0.0,10,,En cours,19,AUTO
AUTO-2022-108,2022,4,2022-04-13,PRT-0244-BJ,Véhicule léger 4x4,Mitsubishi,6,Bon,Littoral,Voirie urbaine Parakou,Collision latérale,Responsable,Corporel léger,Oui,SAAR-Bénin,3277000,383000,0.0,8,,En expertise,5,AUTO
AUTO-2022-109,2022,8,2022-08-05,PRT-0294-BJ,Camion benne,Volvo,9,Moyen,Borgou,Piste rurale,Écrasement obstacle fixe,Non responsable,Corporel léger,Non,COLINA,3129000,280000,2785000.0,8,35.0,Réglé,21,AUTO
AUTO-2022-110,2022,10,2022-10-16,PRT-0099-BJ,Compacteur,Hitachi,4,Moyen,Atlantique,RN3 Parakou-Malanville,Collision frontale,Responsabilité partagée,Corporel grave,Oui,SAAR-Bénin,10409000,200000,0.0,4,,En expertise,2,AUTO
AUTO-2022-111,2022,11,2022-11-25,PRT-0718-BJ,Camion benne,DAF,13,Mauvais,Littoral,RN7 Cotonou-Ouidah,Sortie de route,Responsable,Matériel grave,Non,Allianz Bénin,1006000,345000,503000.0,7,22.0,Litigieux,22,AUTO
AUTO-2022-112,2022,7,2022-07-12,PRT-0900-BJ,Pelle hydraulique,Doosan,16,Mauvais,Borgou,RN1 Cotonou-Lomé,Renversement,Non responsable,Matériel léger,Non,NSIA Bénin,500000,185000,284000.0,3,90.0,Litigieux,11,AUTO
AUTO-2022-113,2022,9,2022-09-19,PRT-0248-BJ,Compacteur,SANY,15,Mauvais,Atacora,RN2 Cotonou-Parakou,Accrochage mineur,Responsable,Matériel léger,Non,SOBAC,120000,296000,0.0,4,81.0,Réglé,7,AUTO
AUTO-2022-114,2022,10,2022-10-07,PRT-0384-BJ,Camion citerne,MAN,15,Mauvais,Borgou,Voirie urbaine Cotonou,Accrochage mineur,Responsabilité partagée,Matériel léger,Oui,COLINA,287000,131000,0.0,7,,En cours,22,AUTO
AUTO-2022-115,2022,10,2022-10-02,PRT-0469-BJ,Camion benne,FOTON,12,Moyen,Littoral,RN2 Cotonou-Parakou,Collision par l'arrière,Responsabilité partagée,Corporel grave,Oui,SAAR-Bénin,13101000,135000,10477000.0,7,75.0,Réglé,8,AUTO
AUTO-2022-116,2022,1,2022-01-08,PRT-0413-BJ,Camion benne,MAN,11,Moyen,Ouémé,Voirie urbaine Parakou,Renversement,Responsabilité partagée,Matériel léger,Oui,SAAR-Bénin,387000,296000,82000.0,7,105.0,Réglé,9,AUTO
AUTO-2022-117,2022,8,2022-08-15,PRT-0368-BJ,Camion citerne,FOTON,14,Moyen,Ouémé,Piste rurale,Collision frontale,Responsable,Matériel léger,Oui,Allianz Bénin,120000,292000,0.0,10,95.0,Litigieux,16,AUTO
AUTO-2022-118,2022,5,2022-05-24,PRT-0166-BJ,Pelle hydraulique,Doosan,19,Mauvais,Littoral,RN1 Cotonou-Lomé,Sortie de route,Responsable,Matériel grave,Non,COLINA,1641000,293000,1171000.0,9,32.0,Réglé,6,AUTO
AUTO-2022-119,2022,6,2022-06-23,PRT-0744-BJ,Véhicule léger 4x4,Nissan,10,Bon,Littoral,RN3 Parakou-Malanville,Renversement,Non responsable,Matériel grave,Oui,BGFA Bénin,1493000,259000,1157000.0,2,88.0,Réglé,6,AUTO
AUTO-2022-120,2022,10,2022-10-23,PRT-0107-BJ,Camion benne,IVECO,12,Bon,Littoral,RN1 Cotonou-Lagos,Écrasement obstacle fixe,Responsable,Matériel grave,Non,SOBAC,1742000,112000,1450000.0,2,31.0,Réglé,4,AUTO
AUTO-2022-121,2022,7,2022-07-12,PRT-0188-BJ,Camion benne,Volvo,4,Moyen,Mono,Route départementale,Accrochage mineur,Responsable,Matériel léger,Non,UAB,160000,190000,0.0,8,120.0,Litigieux,5,AUTO
AUTO-2022-122,2022,8,2022-08-23,PRT-0471-BJ,Camion benne,FAW,18,Moyen,Atlantique,RN1 Cotonou-Lagos,Collision latérale,Non responsable,Corporel grave,Oui,BGFA Bénin,7098000,253000,0.0,4,,En cours,2,AUTO
AUTO-2022-123,2022,4,2022-04-10,PRT-0227-BJ,Véhicule léger 4x4,Toyota,3,Bon,Alibori,Voirie urbaine Cotonou,Collision par l'arrière,Non responsable,Matériel léger,Oui,SOBAC,418000,165000,191000.0,2,99.0,Réglé,18,AUTO
AUTO-2022-124,2022,5,2022-05-13,PRT-0705-BJ,Compacteur,Caterpillar,8,Bon,Collines,RN1 Cotonou-Lomé,Sortie de route,Responsable,Matériel léger,Oui,NSIA Bénin,500000,176000,292000.0,5,88.0,Réglé,21,AUTO
AUTO-2022-125,2022,9,2022-09-07,PRT-0301-BJ,Camion benne,Mercedes-Benz,5,Bon,Borgou,Voirie urbaine Cotonou,Accrochage mineur,Non responsable,Matériel grave,Non,Allianz Bénin,2279000,281000,1518000.0,1,120.0,Réglé,20,AUTO
AUTO-2022-126,2022,5,2022-05-09,PRT-0221-BJ,Camion citerne,SINO TRUCK,17,Mauvais,Littoral,RN2 Cotonou-Parakou,Renversement,Responsable,Matériel léger,Non,SAAR-Bénin,203000,199000,4000.0,4,119.0,Réglé,9,AUTO
AUTO-2022-127,2022,1,2022-01-13,PRT-0875-BJ,Chargeur,SANY,5,Bon,Mono,Voirie urbaine Parakou,Collision frontale,Non responsable,Matériel léger,Oui,SAAR-Bénin,199000,137000,59000.0,2,95.0,Réglé,17,AUTO
AUTO-2022-128,2022,6,2022-06-19,PRT-0775-BJ,Camion benne,SINO TRUCK,5,Bon,Atacora,Route départementale,Renversement,Responsable,Matériel grave,Non,SOBAC,2782000,114000,2443000.0,9,43.0,Réglé,20,AUTO
AUTO-2022-129,2022,11,2022-11-13,PRT-0540-BJ,Chargeur,Caterpillar,9,Moyen,Plateau,RN2 Cotonou-Parakou,Collision frontale,Non responsable,Matériel léger,Oui,BGFA Bénin,151000,314000,0.0,7,,En cours,19,AUTO
AUTO-2022-130,2022,9,2022-09-02,PRT-0628-BJ,Camion citerne,IVECO,18,Mauvais,Atacora,Voirie urbaine Parakou,Collision latérale,Non responsable,Matériel grave,Oui,SOBAC,861000,175000,0.0,3,,En cours,15,AUTO
AUTO-2022-131,2022,12,2022-12-26,PRT-0003-BJ,Camion benne,Mercedes-Benz,2,Bon,Plateau,RN6 Natitingou-Kérou,Sortie de route,Responsable,Matériel léger,Oui,SOBAC,500000,316000,143000.0,7,101.0,Litigieux,11,AUTO
AUTO-2022-132,2022,10,2022-10-21,PRT-0199-BJ,Camion benne,SHACMAN,6,Bon,Littoral,Route départementale,Collision frontale,Responsable,Matériel grave,Oui,Allianz Bénin,4484000,117000,0.0,8,,En cours,1,AUTO
AUTO-2022-133,2022,12,2022-12-14,PRT-0065-BJ,Niveleuse,Volvo CE,8,Mauvais,Borgou,Route départementale,Collision par l'arrière,Responsable,Corporel grave,Oui,COLINA,30670000,255000,0.0,2,,Refusé,13,AUTO
AUTO-2022-134,2022,1,2022-01-07,PRT-0274-BJ,Camion benne,Volvo,10,Moyen,Atacora,Piste rurale,Accrochage mineur,Responsable,Matériel grave,Oui,Allianz Bénin,2680000,260000,2368000.0,8,104.0,Réglé,6,AUTO
AUTO-2022-135,2022,8,2022-08-25,PRT-0171-BJ,Camion malaxeur béton,IVECO,18,Moyen,Zou,Voirie urbaine Cotonou,Collision frontale,Responsable,Matériel léger,Oui,Allianz Bénin,424000,140000,208000.0,3,83.0,Réglé,12,AUTO
AUTO-2022-136,2022,12,2022-12-11,PRT-0673-BJ,Camion benne,FAW,11,Moyen,Atacora,RN1 Cotonou-Lagos,Renversement,Responsabilité partagée,Matériel léger,Oui,COLINA,269000,357000,0.0,10,53.0,Réglé,13,AUTO
AUTO-2022-137,2022,4,2022-04-10,PRT-0349-BJ,Camion benne,FAW,4,Bon,Donga,RN7 Cotonou-Ouidah,Renversement,Non responsable,Corporel grave,Oui,SOBAC,14825000,111000,12957000.0,1,82.0,Réglé,20,AUTO
AUTO-2023-138,2023,5,2023-05-12,PRT-0135-BJ,Camion malaxeur béton,IVECO,3,Bon,Littoral,Voirie urbaine Cotonou,Accrochage mineur,Responsable,Matériel léger,Oui,BGFA Bénin,284000,206000,66000.0,2,30.0,Réglé,16,AUTO
AUTO-2023-139,2023,1,2023-01-25,PRT-0209-BJ,Véhicule léger 4x4,Nissan,17,Moyen,Collines,RN1 Cotonou-Lomé,Sortie de route,Responsable,Matériel léger,Non,Allianz Bénin,500000,209000,0.0,8,,En expertise,22,AUTO
AUTO-2023-140,2023,10,2023-10-06,PRT-0837-BJ,Compacteur,JCB,9,Mauvais,Littoral,RN2 Cotonou-Parakou,Collision frontale,Responsable,Matériel grave,Oui,COLINA,2273000,361000,1471000.0,7,25.0,Réglé,14,AUTO
AUTO-2023-141,2023,9,2023-09-02,PRT-0622-BJ,Niveleuse,SANY,16,Mauvais,Littoral,RN7 Cotonou-Ouidah,Sortie de route,Responsabilité partagée,Matériel léger,Oui,COLINA,415000,395000,17000.0,7,83.0,Réglé,17,AUTO
AUTO-2023-142,2023,9,2023-09-24,PRT-0498-BJ,Camion citerne,SHACMAN,3,Bon,Alibori,RN3 Parakou-Malanville,Collision frontale,Responsabilité partagée,Matériel léger,Oui,Allianz Bénin,317000,338000,0.0,1,21.0,Réglé,22,AUTO
AUTO-2023-143,2023,10,2023-10-14,PRT-0842-BJ,Niveleuse,Liebherr,5,Bon,Mono,Route départementale,Sortie de route,Responsable,Matériel grave,Oui,COLINA,1257000,185000,891000.0,3,99.0,Réglé,8,AUTO
AUTO-2023-144,2023,5,2023-05-04,PRT-0877-BJ,Camion benne,SHACMAN,3,Bon,Atacora,Route départementale,Collision par l'arrière,Non responsable,Corporel grave,Oui,UAB,10087000,229000,9104000.0,10,33.0,Réglé,6,AUTO
AUTO-2023-145,2023,4,2023-04-28,PRT-0508-BJ,Finisseur asphalte,Doosan,9,Mauvais,Collines,Voirie urbaine Cotonou,Collision par l'arrière,Responsable,Matériel grave,Oui,COLINA,2218000,220000,1538000.0,1,38.0,Réglé,20,AUTO
AUTO-2023-146,2023,4,2023-04-28,PRT-0708-BJ,Véhicule léger 4x4,Ford,12,Bon,Littoral,Route départementale,Collision latérale,Non responsable,Matériel grave,Oui,COLINA,1505000,394000,923000.0,7,27.0,Réglé,21,AUTO
AUTO-2023-147,2023,1,2023-01-04,PRT-0900-BJ,Pelle hydraulique,Doosan,16,Mauvais,Atlantique,RN2 Cotonou-Parakou,Collision latérale,Non responsable,Matériel léger,Oui,NSIA Bénin,126000,174000,0.0,1,,En expertise,1,AUTO
AUTO-2023-148,2023,1,2023-01-24,PRT-0781-BJ,Camion benne,SINO TRUCK,12,Bon,Atlantique,RN7 Cotonou-Ouidah,Collision latérale,Responsabilité partagée,Matériel léger,Oui,SOBAC,386000,130000,247000.0,5,66.0,Réglé,4,AUTO
AUTO-2023-149,2023,2,2023-02-01,PRT-0170-BJ,Compacteur,Liebherr,6,Moyen,Borgou,Piste rurale,Collision par l'arrière,Responsable,Corporel léger,Oui,UAB,4736000,322000,4072000.0,6,87.0,Réglé,8,AUTO
AUTO-2023-150,2023,8,2023-08-07,PRT-0814-BJ,Bulldozer,Hitachi,4,Moyen,Zou,RN3 Parakou-Malanville,Collision frontale,Responsable,Matériel léger,Oui,SOBAC,120000,323000,0.0,4,103.0,Réglé,15,AUTO
AUTO-2023-151,2023,11,2023-11-03,PRT-0544-BJ,Niveleuse,Liebherr,17,Mauvais,Donga,RN2 Cotonou-Parakou,Collision latérale,Non responsable,Matériel grave,Oui,BGFA Bénin,2532000,397000,1937000.0,4,25.0,Réglé,14,AUTO
AUTO-2023-152,2023,7,2023-07-09,PRT-0481-BJ,Véhicule léger 4x4,Isuzu,11,Mauvais,Atacora,RN1 Cotonou-Lomé,Écrasement obstacle fixe,Responsabilité partagée,Corporel léger,Non,BGFA Bénin,1500000,393000,0.0,7,,En expertise,3,AUTO
AUTO-2023-153,2023,7,2023-07-17,PRT-0063-BJ,Camion benne,FOTON,8,Moyen,Donga,RN1 Cotonou-Lagos,Collision frontale,Responsable,Matériel grave,Oui,COLINA,1396000,182000,966000.0,4,92.0,Litigieux,13,AUTO
AUTO-2023-154,2023,7,2023-07-18,PRT-0573-BJ,Camion benne,Mercedes-Benz,12,Mauvais,Atacora,RN6 Natitingou-Kérou,Collision par l'arrière,Responsable,Corporel grave,Oui,Allianz Bénin,20412000,253000,16560000.0,4,97.0,Réglé,6,AUTO
AUTO-2023-155,2023,1,2023-01-19,PRT-0016-BJ,Compacteur,JCB,8,Mauvais,Atlantique,RN6 Natitingou-Kérou,Écrasement obstacle fixe,Responsable,Matériel grave,Non,UAB,4171000,251000,0.0,4,,En cours,10,AUTO
AUTO-2023-156,2023,9,2023-09-18,PRT-0254-BJ,Véhicule léger 4x4,Isuzu,9,Moyen,Littoral,RN1 Cotonou-Lagos,Renversement,Responsable,Matériel léger,Non,SAAR-Bénin,357000,112000,233000.0,4,37.0,Réglé,7,AUTO
AUTO-2023-157,2023,7,2023-07-01,PRT-0486-BJ,Camion plateau,Mercedes-Benz,7,Bon,Collines,RN6 Natitingou-Kérou,Collision latérale,Responsable,Matériel grave,Oui,Allianz Bénin,2713000,384000,0.0,3,,En expertise,14,AUTO
AUTO-2023-158,2023,11,2023-11-10,PRT-0321-BJ,Véhicule léger 4x4,Ford,13,Mauvais,Atlantique,RN2 Cotonou-Parakou,Écrasement obstacle fixe,Responsable,Matériel léger,Non,UAB,162000,207000,0.0,5,,En cours,1,AUTO
AUTO-2023-159,2023,7,2023-07-28,PRT-0226-BJ,Finisseur asphalte,SANY,4,Moyen,Borgou,Piste rurale,Collision frontale,Non responsable,Corporel léger,Oui,NSIA Bénin,2507000,306000,1732000.0,9,100.0,Litigieux,7,AUTO
AUTO-2023-160,2023,10,2023-10-08,PRT-0661-BJ,Camion benne,SINO TRUCK,12,Mauvais,Atlantique,RN7 Cotonou-Ouidah,Accrochage mineur,Non responsable,Matériel léger,Non,UAB,225000,326000,0.0,3,112.0,Réglé,16,AUTO
AUTO-2023-161,2023,2,2023-02-06,PRT-0594-BJ,Chargeur,Liebherr,16,Mauvais,Plateau,RN6 Natitingou-Kérou,Collision par l'arrière,Responsable,Corporel léger,Oui,Allianz Bénin,4730000,247000,0.0,1,,En cours,10,AUTO
AUTO-2023-162,2023,4,2023-04-06,PRT-0539-BJ,Véhicule léger 4x4,Isuzu,9,Bon,Alibori,RN1 Cotonou-Lomé,Collision par l'arrière,Responsable,Matériel grave,Oui,SAAR-Bénin,828000,122000,675000.0,9,71.0,Réglé,5,AUTO
AUTO-2023-163,2023,9,2023-09-26,PRT-0317-BJ,Véhicule léger 4x4,Isuzu,14,Mauvais,Littoral,RN2 Cotonou-Parakou,Sortie de route,Responsable,Matériel léger,Oui,NSIA Bénin,349000,348000,0.0,4,,En cours,3,AUTO
AUTO-2023-164,2023,5,2023-05-21,PRT-0497-BJ,Camion benne,SINO TRUCK,12,Mauvais,Collines,RN7 Cotonou-Ouidah,Collision frontale,Responsabilité partagée,Corporel léger,Oui,NSIA Bénin,2512000,132000,0.0,2,,En cours,7,AUTO
AUTO-2023-165,2023,3,2023-03-25,PRT-0497-BJ,Camion benne,SINO TRUCK,12,Mauvais,Zou,Route départementale,Collision par l'arrière,Responsable,Matériel grave,Oui,NSIA Bénin,643000,244000,344000.0,2,54.0,Réglé,1,AUTO
AUTO-2023-166,2023,10,2023-10-04,PRT-0898-BJ,Véhicule léger 4x4,Ford,13,Mauvais,Zou,RN7 Cotonou-Ouidah,Écrasement obstacle fixe,Responsable,Matériel léger,Oui,UAB,329000,100000,178000.0,5,69.0,Réglé,8,AUTO
AUTO-2023-167,2023,11,2023-11-22,PRT-0447-BJ,Camion benne,SINO TRUCK,13,Moyen,Ouémé,RN1 Cotonou-Lomé,Écrasement obstacle fixe,Responsabilité partagée,Corporel léger,Oui,COLINA,2744000,248000,0.0,5,,Refusé,12,AUTO
AUTO-2023-168,2023,2,2023-02-11,PRT-0092-BJ,Véhicule léger 4x4,Toyota,13,Moyen,Littoral,RN2 Cotonou-Parakou,Collision frontale,Responsabilité partagée,Corporel grave,Oui,Allianz Bénin,8556000,281000,7099000.0,7,96.0,Réglé,5,AUTO
AUTO-2023-169,2023,11,2023-11-22,PRT-0632-BJ,Camion benne,MAN,14,Mauvais,Atlantique,RN1 Cotonou-Lomé,Collision latérale,Responsabilité partagée,Corporel léger,Oui,UAB,5092000,181000,4007000.0,1,53.0,Réglé,5,AUTO
AUTO-2023-170,2023,9,2023-09-05,PRT-0765-BJ,Pelle hydraulique,Volvo CE,8,Mauvais,Atlantique,Piste rurale,Accrochage mineur,Non responsable,Matériel léger,Oui,NSIA Bénin,207000,393000,0.0,7,,En expertise,9,AUTO
AUTO-2023-171,2023,3,2023-03-11,PRT-0728-BJ,Camion benne,DAF,16,Mauvais,Couffo,RN2 Cotonou-Parakou,Sortie de route,Responsable,Matériel léger,Non,UAB,500000,248000,245000.0,4,97.0,Réglé,13,AUTO
AUTO-2023-172,2023,6,2023-06-16,PRT-0123-BJ,Finisseur asphalte,Hitachi,2,Bon,Zou,RN1 Cotonou-Lomé,Renversement,Non responsable,Matériel grave,Oui,COLINA,3615000,215000,2821000.0,4,93.0,Réglé,12,AUTO
AUTO-2023-173,2023,1,2023-01-28,PRT-0243-BJ,Camion benne,FAW,12,Moyen,Littoral,RN2 Cotonou-Parakou,Collision par l'arrière,Responsabilité partagée,Matériel grave,Oui,COLINA,1187000,118000,1006000.0,5,119.0,Réglé,15,AUTO
AUTO-2023-174,2023,3,2023-03-28,PRT-0181-BJ,Niveleuse,Caterpillar,3,Bon,Zou,Voirie urbaine Cotonou,Sortie de route,Responsable,Corporel grave,Oui,NSIA Bénin,19913000,348000,14788000.0,1,109.0,Réglé,14,AUTO
AUTO-2023-175,2023,6,2023-06-23,PRT-0703-BJ,Camion benne,Volvo,4,Bon,Littoral,RN1 Cotonou-Lomé,Sortie de route,Non responsable,Matériel grave,Oui,BGFA Bénin,1013000,361000,531000.0,1,30.0,Réglé,19,AUTO
AUTO-2023-176,2023,10,2023-10-14,PRT-0642-BJ,Niveleuse,Hitachi,5,Bon,Littoral,Voirie urbaine Parakou,Accrochage mineur,Responsable,Matériel léger,Non,Allianz Bénin,336000,258000,66000.0,1,112.0,Litigieux,10,AUTO
AUTO-2023-177,2023,3,2023-03-02,PRT-0253-BJ,Pelle hydraulique,XCMG,16,Mauvais,Atacora,Piste rurale,Écrasement obstacle fixe,Responsable,Matériel léger,Non,SOBAC,265000,148000,97000.0,9,78.0,Réglé,10,AUTO
AUTO-2023-178,2023,9,2023-09-14,PRT-0267-BJ,Pelle hydraulique,SANY,8,Moyen,Donga,RN1 Cotonou-Lagos,Collision frontale,Responsable,Matériel léger,Oui,SAAR-Bénin,120000,393000,0.0,4,99.0,Réglé,13,AUTO
AUTO-2023-179,2023,4,2023-04-24,PRT-0506-BJ,Camion benne,Volvo,16,Mauvais,Mono,RN2 Cotonou-Parakou,Collision frontale,Non responsable,Matériel grave,Oui,SAAR-Bénin,2147000,241000,1690000.0,1,68.0,Réglé,12,AUTO
AUTO-2023-180,2023,8,2023-08-07,PRT-0255-BJ,Camion malaxeur béton,FAW,11,Mauvais,Atlantique,RN1 Cotonou-Lomé,Collision latérale,Non responsable,Matériel léger,Oui,UAB,254000,354000,0.0,2,89.0,Réglé,7,AUTO
AUTO-2023-181,2023,8,2023-08-25,PRT-0772-BJ,Camion benne,Mercedes-Benz,4,Bon,Atacora,RN1 Cotonou-Lagos,Collision par l'arrière,Non responsable,Matériel léger,Oui,SOBAC,439000,110000,320000.0,10,92.0,Réglé,16,AUTO
AUTO-2023-182,2023,1,2023-01-11,PRT-0391-BJ,Grue mobile,JCB,9,Moyen,Littoral,RN7 Cotonou-Ouidah,Collision latérale,Non responsable,Matériel léger,Oui,BGFA Bénin,120000,388000,0.0,3,70.0,Réglé,22,AUTO
AUTO-2023-183,2023,2,2023-02-14,PRT-0784-BJ,Niveleuse,Komatsu,10,Moyen,Atacora,RN6 Natitingou-Kérou,Renversement,Non responsable,Matériel grave,Oui,NSIA Bénin,1036000,145000,730000.0,3,95.0,Réglé,5,AUTO
AUTO-2023-184,2023,9,2023-09-03,PRT-0587-BJ,Camion malaxeur béton,SHACMAN,15,Mauvais,Atacora,RN2 Cotonou-Parakou,Accrochage mineur,Responsable,Matériel léger,Oui,SOBAC,271000,165000,0.0,9,,En cours,17,AUTO
AUTO-2023-185,2023,12,2023-12-20,PRT-0145-BJ,Pelle hydraulique,Komatsu,9,Mauvais,Collines,RN1 Cotonou-Lagos,Collision latérale,Responsable,Corporel grave,Oui,SAAR-Bénin,14773000,139000,12909000.0,7,75.0,Réglé,8,AUTO
AUTO-2023-186,2023,4,2023-04-20,PRT-0757-BJ,Camion benne,MAN,10,Mauvais,Collines,RN6 Natitingou-Kérou,Renversement,Non responsable,Corporel grave,Oui,NSIA Bénin,15364000,249000,0.0,9,,En expertise,3,AUTO
AUTO-2023-187,2023,7,2023-07-15,PRT-0567-BJ,Véhicule léger 4x4,Ford,6,Moyen,Atlantique,Voirie urbaine Parakou,Collision par l'arrière,Responsable,Corporel grave,Oui,Allianz Bénin,15931000,273000,11563000.0,5,110.0,Réglé,16,AUTO
AUTO-2023-188,2023,12,2023-12-25,PRT-0009-BJ,Véhicule léger 4x4,Toyota,12,Moyen,Atacora,Voirie urbaine Cotonou,Collision par l'arrière,Responsabilité partagée,Matériel grave,Oui,SOBAC,2002000,392000,1311000.0,7,56.0,Réglé,20,AUTO
AUTO-2023-189,2023,11,2023-11-05,PRT-0781-BJ,Camion benne,SINO TRUCK,12,Bon,Plateau,RN6 Natitingou-Kérou,Renversement,Responsabilité partagée,Matériel grave,Non,SOBAC,500000,212000,0.0,1,,En cours,20,AUTO
AUTO-2023-190,2023,12,2023-12-02,PRT-0606-BJ,Compacteur,XCMG,3,Bon,Borgou,RN1 Cotonou-Lomé,Écrasement obstacle fixe,Non responsable,Matériel léger,Non,SOBAC,500000,146000,289000.0,4,92.0,Réglé,13,AUTO
AUTO-2023-191,2023,10,2023-10-22,PRT-0117-BJ,Camion benne,DAF,13,Moyen,Littoral,Voirie urbaine Cotonou,Accrochage mineur,Responsable,Matériel grave,Non,Allianz Bénin,1320000,345000,748000.0,4,33.0,Réglé,13,AUTO
AUTO-2023-192,2023,5,2023-05-11,PRT-0647-BJ,Camion benne,Volvo,11,Moyen,Ouémé,Voirie urbaine Parakou,Collision par l'arrière,Non responsable,Matériel grave,Oui,SAAR-Bénin,2869000,243000,1917000.0,3,39.0,Réglé,21,AUTO
AUTO-2023-193,2023,4,2023-04-19,PRT-0723-BJ,Camion benne,SINO TRUCK,7,Moyen,Littoral,RN3 Parakou-Malanville,Sortie de route,Responsable,Matériel grave,Non,NSIA Bénin,2753000,343000,0.0,1,,En cours,7,AUTO
AUTO-2023-194,2023,10,2023-10-25,PRT-0282-BJ,Véhicule léger 4x4,Nissan,9,Moyen,Borgou,Voirie urbaine Cotonou,Accrochage mineur,Responsable,Matériel léger,Non,SAAR-Bénin,174000,143000,23000.0,9,111.0,Réglé,7,AUTO
AUTO-2023-195,2023,8,2023-08-09,PRT-0867-BJ,Pelle hydraulique,SANY,7,Bon,Littoral,Voirie urbaine Parakou,Sortie de route,Responsable,Matériel léger,Non,BGFA Bénin,228000,326000,0.0,9,73.0,Réglé,6,AUTO
AUTO-2023-196,2023,12,2023-12-14,PRT-0853-BJ,Niveleuse,Volvo CE,18,Moyen,Ouémé,RN1 Cotonou-Lomé,Sortie de route,Non responsable,Matériel grave,Oui,NSIA Bénin,1659000,268000,0.0,10,,En expertise,20,AUTO
AUTO-2023-197,2023,3,2023-03-22,PRT-0597-BJ,Camion benne,IVECO,9,Mauvais,Couffo,RN7 Cotonou-Ouidah,Accrochage mineur,Non responsable,Corporel grave,Non,BGFA Bénin,15803000,320000,14757000.0,2,38.0,Réglé,22,AUTO
AUTO-2023-198,2023,6,2023-06-17,PRT-0282-BJ,Véhicule léger 4x4,Nissan,9,Moyen,Borgou,RN1 Cotonou-Lagos,Écrasement obstacle fixe,Responsabilité partagée,Corporel grave,Oui,SAAR-Bénin,23289000,290000,0.0,4,,En cours,7,AUTO
AUTO-2023-199,2023,6,2023-06-18,PRT-0017-BJ,Camion benne,Mercedes-Benz,16,Moyen,Borgou,Piste rurale,Collision par l'arrière,Responsable,Matériel grave,Oui,UAB,869000,386000,0.0,1,,Refusé,12,AUTO
AUTO-2023-200,2023,10,2023-10-01,PRT-0701-BJ,Grue mobile,Doosan,6,Bon,Atlantique,Voirie urbaine Cotonou,Écrasement obstacle fixe,Responsabilité partagée,Matériel léger,Non,NSIA Bénin,362000,310000,0.0,7,,En cours,12,AUTO
AUTO-2023-201,2023,6,2023-06-18,PRT-0720-BJ,Camion citerne,FAW,18,Mauvais,Ouémé,RN2 Cotonou-Parakou,Collision latérale,Responsable,Corporel grave,Oui,UAB,19281000,153000,14652000.0,9,96.0,Réglé,14,AUTO
AUTO-2023-202,2023,6,2023-06-28,PRT-0202-BJ,Camion benne,DAF,15,Moyen,Collines,RN1 Cotonou-Lomé,Accrochage mineur,Responsable,Matériel grave,Oui,NSIA Bénin,1423000,286000,1072000.0,1,31.0,Litigieux,20,AUTO
AUTO-2023-203,2023,11,2023-11-04,PRT-0589-BJ,Camion benne,Volvo,18,Mauvais,Plateau,RN3 Parakou-Malanville,Renversement,Responsable,Corporel léger,Non,SAAR-Bénin,2840000,233000,1899000.0,4,57.0,Réglé,15,AUTO
AUTO-2023-204,2023,7,2023-07-04,PRT-0670-BJ,Compacteur,Liebherr,4,Bon,Littoral,Voirie urbaine Cotonou,Collision frontale,Responsable,Matériel grave,Oui,UAB,1558000,338000,1166000.0,1,102.0,Réglé,12,AUTO
AUTO-2023-205,2023,9,2023-09-17,PRT-0867-BJ,Pelle hydraulique,SANY,7,Bon,Atlantique,Voirie urbaine Cotonou,Collision latérale,Responsable,Corporel léger,Oui,BGFA Bénin,2710000,371000,2094000.0,1,20.0,Litigieux,1,AUTO
AUTO-2023-206,2023,1,2023-01-26,PRT-0169-BJ,Camion benne,SHACMAN,8,Mauvais,Ouémé,Route départementale,Écrasement obstacle fixe,Non responsable,Corporel léger,Oui,UAB,4534000,195000,3770000.0,7,75.0,Réglé,7,AUTO
AUTO-2023-207,2023,8,2023-08-13,PRT-0124-BJ,Camion benne,FOTON,9,Bon,Alibori,Route départementale,Renversement,Responsable,Corporel léger,Non,SOBAC,2904000,382000,2293000.0,3,71.0,Réglé,14,AUTO
AUTO-2023-208,2023,5,2023-05-23,PRT-0781-BJ,Camion benne,SINO TRUCK,12,Bon,Alibori,Route départementale,Accrochage mineur,Non responsable,Matériel grave,Non,SOBAC,1092000,218000,0.0,3,,En cours,11,AUTO
AUTO-2023-209,2023,4,2023-04-03,PRT-0571-BJ,Compacteur,JCB,7,Bon,Littoral,Piste rurale,Écrasement obstacle fixe,Non responsable,Matériel léger,Oui,NSIA Bénin,245000,108000,0.0,7,,En cours,1,AUTO
AUTO-2023-210,2023,9,2023-09-05,PRT-0405-BJ,Camion malaxeur béton,MAN,16,Mauvais,Couffo,RN3 Parakou-Malanville,Écrasement obstacle fixe,Responsable,Matériel grave,Non,SAAR-Bénin,1479000,172000,0.0,9,,En expertise,8,AUTO
AUTO-2023-211,2023,9,2023-09-26,PRT-0470-BJ,Camion benne,MAN,8,Moyen,Borgou,RN1 Cotonou-Lomé,Accrochage mineur,Responsable,Corporel léger,Oui,Allianz Bénin,5182000,125000,3671000.0,8,94.0,Réglé,20,AUTO
AUTO-2023-212,2023,3,2023-03-05,PRT-0355-BJ,Camion plateau,MAN,4,Bon,Atlantique,Voirie urbaine Parakou,Collision frontale,Responsable,Corporel léger,Oui,Allianz Bénin,3520000,353000,2451000.0,1,32.0,Litigieux,14,AUTO
AUTO-2023-213,2023,2,2023-02-21,PRT-0858-BJ,Grue mobile,Komatsu,10,Bon,Littoral,RN2 Cotonou-Parakou,Sortie de route,Responsabilité partagée,Matériel grave,Oui,SAAR-Bénin,3738000,290000,2627000.0,10,58.0,Réglé,21,AUTO
AUTO-2023-214,2023,8,2023-08-02,PRT-0110-BJ,Véhicule léger 4x4,Ford,19,Moyen,Littoral,RN6 Natitingou-Kérou,Collision latérale,Responsable,Matériel léger,Oui,NSIA Bénin,167000,284000,0.0,2,114.0,Réglé,7,AUTO
AUTO-2023-215,2023,8,2023-08-18,PRT-0749-BJ,Véhicule léger 4x4,Toyota,3,Bon,Littoral,RN1 Cotonou-Lagos,Collision par l'arrière,Responsable,Matériel grave,Oui,Allianz Bénin,2690000,209000,0.0,6,,En expertise,5,AUTO
AUTO-2023-216,2023,4,2023-04-24,PRT-0870-BJ,Chargeur,Doosan,6,Bon,Borgou,Voirie urbaine Parakou,Collision latérale,Responsable,Matériel léger,Oui,SAAR-Bénin,199000,386000,0.0,8,57.0,Réglé,14,AUTO
AUTO-2023-217,2023,7,2023-07-13,PRT-0827-BJ,Camion citerne,Volvo,10,Mauvais,Donga,Piste rurale,Collision par l'arrière,Non responsable,Matériel léger,Oui,Allianz Bénin,124000,366000,0.0,5,94.0,Réglé,6,AUTO
AUTO-2023-218,2023,10,2023-10-24,PRT-0298-BJ,Véhicule léger 4x4,Land Rover,19,Moyen,Plateau,RN3 Parakou-Malanville,Sortie de route,Non responsable,Corporel léger,Non,BGFA Bénin,1808000,182000,1216000.0,10,69.0,Réglé,12,AUTO
AUTO-2023-219,2023,6,2023-06-21,PRT-0386-BJ,Camion citerne,FOTON,19,Mauvais,Alibori,Route départementale,Collision frontale,Responsabilité partagée,Matériel grave,Oui,SOBAC,830000,176000,574000.0,6,102.0,Réglé,13,AUTO
AUTO-2023-220,2023,1,2023-01-06,PRT-0264-BJ,Camion benne,Volvo,4,Moyen,Alibori,RN7 Cotonou-Ouidah,Collision par l'arrière,Responsable,Matériel grave,Oui,SAAR-Bénin,639000,122000,0.0,3,,En cours,11,AUTO
AUTO-2023-221,2023,3,2023-03-11,PRT-0787-BJ,Camion benne,SINO TRUCK,5,Bon,Borgou,Route départementale,Collision par l'arrière,Responsable,Matériel grave,Oui,Allianz Bénin,2440000,339000,0.0,2,,En expertise,13,AUTO
AUTO-2023-222,2023,5,2023-05-07,PRT-0681-BJ,Camion benne,IVECO,14,Mauvais,Zou,RN1 Cotonou-Lomé,Collision latérale,Non responsable,Matériel léger,Oui,SOBAC,354000,384000,0.0,10,,En expertise,21,AUTO
AUTO-2023-223,2023,6,2023-06-25,PRT-0371-BJ,Pelle hydraulique,Komatsu,18,Mauvais,Ouémé,RN1 Cotonou-Lomé,Collision par l'arrière,Responsable,Corporel léger,Oui,UAB,9000000,341000,8464000.0,2,73.0,Réglé,15,AUTO
AUTO-2023-224,2023,4,2023-04-11,PRT-0693-BJ,Camion benne,Mercedes-Benz,3,Bon,Collines,RN1 Cotonou-Lagos,Collision frontale,Responsable,Matériel léger,Oui,UAB,234000,293000,0.0,8,,En expertise,10,AUTO
AUTO-2023-225,2023,3,2023-03-13,PRT-0675-BJ,Camion benne,DAF,3,Bon,Littoral,RN6 Natitingou-Kérou,Renversement,Responsable,Matériel grave,Non,BGFA Bénin,1840000,293000,1152000.0,6,73.0,Réglé,12,AUTO
AUTO-2023-226,2023,6,2023-06-18,PRT-0701-BJ,Grue mobile,Doosan,6,Bon,Borgou,RN7 Cotonou-Ouidah,Collision frontale,Responsable,Matériel grave,Oui,NSIA Bénin,3527000,309000,3027000.0,10,35.0,Réglé,4,AUTO
AUTO-2023-227,2023,1,2023-01-02,PRT-0769-BJ,Pelle hydraulique,SANY,18,Mauvais,Alibori,RN7 Cotonou-Ouidah,Collision latérale,Responsabilité partagée,Matériel léger,Oui,COLINA,500000,317000,136000.0,9,112.0,Réglé,1,AUTO
AUTO-2023-228,2023,11,2023-11-28,PRT-0609-BJ,Camion benne,DAF,19,Mauvais,Littoral,Voirie urbaine Cotonou,Collision frontale,Responsable,Corporel léger,Oui,SAAR-Bénin,2242000,384000,1497000.0,5,98.0,Réglé,6,AUTO
AUTO-2023-229,2023,11,2023-11-19,PRT-0665-BJ,Camion benne,MAN,19,Mauvais,Plateau,Voirie urbaine Parakou,Écrasement obstacle fixe,Responsable,Matériel léger,Non,COLINA,392000,275000,0.0,2,,En expertise,17,AUTO
AUTO-2023-230,2023,7,2023-07-19,PRT-0676-BJ,Véhicule léger 4x4,Isuzu,19,Moyen,Plateau,RN1 Cotonou-Lomé,Collision latérale,Responsable,Matériel grave,Oui,Allianz Bénin,2213000,319000,1494000.0,6,57.0,Réglé,18,AUTO
AUTO-2023-231,2023,10,2023-10-08,PRT-0490-BJ,Camion citerne,MAN,9,Mauvais,Collines,RN3 Parakou-Malanville,Collision par l'arrière,Non responsable,Matériel grave,Oui,Allianz Bénin,1076000,123000,739000.0,8,105.0,Réglé,13,AUTO
AUTO-2023-232,2023,4,2023-04-04,PRT-0874-BJ,Chargeur,XCMG,9,Moyen,Ouémé,Voirie urbaine Parakou,Écrasement obstacle fixe,Responsable,Corporel léger,Non,UAB,1500000,358000,0.0,3,,En cours,17,AUTO
AUTO-2023-233,2023,2,2023-02-05,PRT-0756-BJ,Véhicule léger 4x4,Land Rover,4,Bon,Atlantique,RN1 Cotonou-Lomé,Sortie de route,Responsabilité partagée,Matériel léger,Oui,COLINA,167000,254000,0.0,5,,En cours,14,AUTO
AUTO-2023-234,2023,4,2023-04-10,PRT-0580-BJ,Pelle hydraulique,Caterpillar,18,Mauvais,Donga,RN3 Parakou-Malanville,Collision frontale,Responsable,Matériel grave,Oui,NSIA Bénin,2469000,363000,0.0,1,,En cours,15,AUTO
AUTO-2023-235,2023,4,2023-04-01,PRT-0221-BJ,Camion citerne,SINO TRUCK,17,Mauvais,Plateau,Voirie urbaine Cotonou,Collision latérale,Responsable,Matériel grave,Oui,SAAR-Bénin,1614000,378000,1029000.0,9,39.0,Réglé,14,AUTO
AUTO-2023-236,2023,7,2023-07-02,PRT-0605-BJ,Camion benne,FOTON,18,Moyen,Plateau,RN2 Cotonou-Parakou,Collision frontale,Non responsable,Matériel léger,Oui,BGFA Bénin,236000,320000,0.0,10,71.0,Réglé,9,AUTO
AUTO-2023-237,2023,7,2023-07-16,PRT-0768-BJ,Pelle hydraulique,Liebherr,8,Moyen,Zou,Piste rurale,Collision frontale,Non responsable,Matériel léger,Oui,NSIA Bénin,120000,388000,0.0,5,24.0,Réglé,8,AUTO
AUTO-2023-238,2023,2,2023-02-04,PRT-0874-BJ,Chargeur,XCMG,9,Moyen,Atlantique,Voirie urbaine Parakou,Accrochage mineur,Non responsable,Corporel léger,Non,UAB,1997000,218000,1620000.0,4,108.0,Réglé,6,AUTO
AUTO-2023-239,2023,9,2023-09-12,PRT-0626-BJ,Camion citerne,DAF,2,Bon,Collines,RN6 Natitingou-Kérou,Collision latérale,Non responsable,Matériel grave,Oui,UAB,1986000,128000,1676000.0,4,81.0,Réglé,6,AUTO
AUTO-2023-240,2023,5,2023-05-03,PRT-0711-BJ,Camion citerne,IVECO,5,Bon,Littoral,RN1 Cotonou-Lomé,Sortie de route,Responsable,Matériel léger,Non,Allianz Bénin,211000,104000,86000.0,3,42.0,Réglé,22,AUTO
AUTO-2023-241,2023,9,2023-09-01,PRT-0349-BJ,Camion benne,FAW,4,Bon,Collines,RN3 Parakou-Malanville,Renversement,Responsable,Corporel grave,Non,SOBAC,6511000,362000,4500000.0,9,22.0,Réglé,17,AUTO
AUTO-2023-242,2023,4,2023-04-05,PRT-0703-BJ,Camion benne,Volvo,4,Bon,Borgou,Voirie urbaine Parakou,Écrasement obstacle fixe,Non responsable,Matériel léger,Non,BGFA Bénin,500000,236000,0.0,5,,En cours,12,AUTO
AUTO-2023-243,2023,7,2023-07-27,PRT-0092-BJ,Véhicule léger 4x4,Toyota,13,Moyen,Ouémé,Route départementale,Renversement,Non responsable,Matériel grave,Non,Allianz Bénin,4339000,357000,3484000.0,1,34.0,Litigieux,5,AUTO
AUTO-2023-244,2023,12,2023-12-28,PRT-0537-BJ,Niveleuse,SANY,6,Bon,Atlantique,Voirie urbaine Cotonou,Collision latérale,Responsable,Corporel grave,Oui,COLINA,20695000,173000,0.0,6,,En cours,7,AUTO
AUTO-2023-245,2023,9,2023-09-07,PRT-0243-BJ,Camion benne,FAW,12,Moyen,Donga,Voirie urbaine Parakou,Collision frontale,Responsabilité partagée,Matériel léger,Oui,COLINA,436000,363000,0.0,9,,En cours,6,AUTO
AUTO-2023-246,2023,5,2023-05-22,PRT-0113-BJ,Camion benne,MAN,7,Bon,Ouémé,Piste rurale,Renversement,Responsable,Matériel léger,Non,NSIA Bénin,199000,398000,0.0,2,86.0,Réglé,14,AUTO
AUTO-2023-247,2023,10,2023-10-19,PRT-0290-BJ,Bulldozer,JCB,8,Bon,Mono,RN2 Cotonou-Parakou,Collision latérale,Responsable,Corporel léger,Oui,Allianz Bénin,2232000,103000,1614000.0,9,107.0,Litigieux,10,AUTO
AUTO-2023-248,2023,8,2023-08-22,PRT-0632-BJ,Camion benne,MAN,14,Mauvais,Littoral,RN1 Cotonou-Lomé,Collision frontale,Non responsable,Matériel grave,Oui,UAB,2405000,105000,1825000.0,1,95.0,Réglé,16,AUTO
AUTO-2023-249,2023,5,2023-05-14,PRT-0323-BJ,Véhicule léger 4x4,Nissan,19,Moyen,Ouémé,Route départementale,Collision frontale,Responsable,Corporel léger,Oui,SAAR-Bénin,2387000,205000,2058000.0,3,105.0,Réglé,3,AUTO
AUTO-2023-250,2023,9,2023-09-05,PRT-0131-BJ,Camion benne,SINO TRUCK,4,Moyen,Couffo,Voirie urbaine Cotonou,Renversement,Responsabilité partagée,Matériel léger,Non,SAAR-Bénin,298000,187000,107000.0,7,51.0,Réglé,4,AUTO
AUTO-2023-251,2023,11,2023-11-10,PRT-0065-BJ,Niveleuse,Volvo CE,8,Mauvais,Collines,RN2 Cotonou-Parakou,Sortie de route,Non responsable,Matériel léger,Non,COLINA,346000,197000,134000.0,7,45.0,Réglé,18,AUTO
AUTO-2023-252,2023,4,2023-04-10,PRT-0061-BJ,Chargeur,XCMG,8,Moyen,Littoral,RN1 Cotonou-Lomé,Accrochage mineur,Responsable,Matériel grave,Non,COLINA,1039000,155000,0.0,3,,En cours,17,AUTO
AUTO-2023-253,2023,6,2023-06-11,PRT-0497-BJ,Camion benne,SINO TRUCK,12,Mauvais,Zou,Route départementale,Collision latérale,Responsable,Matériel grave,Oui,NSIA Bénin,1214000,228000,815000.0,1,23.0,Réglé,14,AUTO
AUTO-2023-254,2023,2,2023-02-05,PRT-0004-BJ,Niveleuse,Volvo CE,5,Moyen,Collines,Piste rurale,Collision par l'arrière,Non responsable,Matériel léger,Oui,BGFA Bénin,142000,212000,0.0,5,,En cours,2,AUTO
AUTO-2023-255,2023,9,2023-09-13,PRT-0765-BJ,Pelle hydraulique,Volvo CE,8,Mauvais,Littoral,RN1 Cotonou-Lomé,Sortie de route,Non responsable,Matériel grave,Non,NSIA Bénin,1083000,362000,529000.0,6,27.0,Réglé,20,AUTO
AUTO-2023-256,2023,2,2023-02-10,PRT-0163-BJ,Camion plateau,Volvo,12,Mauvais,Zou,RN3 Parakou-Malanville,Écrasement obstacle fixe,Responsable,Matériel grave,Oui,BGFA Bénin,1040000,322000,0.0,9,,En cours,5,AUTO
AUTO-2023-257,2023,7,2023-07-16,PRT-0260-BJ,Bulldozer,Liebherr,19,Mauvais,Littoral,Piste rurale,Accrochage mineur,Responsabilité partagée,Corporel léger,Non,UAB,2433000,190000,2192000.0,4,20.0,Réglé,4,AUTO
AUTO-2023-258,2023,2,2023-02-05,PRT-0241-BJ,Véhicule léger 4x4,Ford,12,Bon,Collines,RN1 Cotonou-Lagos,Collision frontale,Responsable,Matériel léger,Oui,SOBAC,120000,131000,0.0,2,70.0,Réglé,10,AUTO
AUTO-2023-259,2023,6,2023-06-06,PRT-0401-BJ,Camion benne,Mercedes-Benz,7,Bon,Alibori,RN2 Cotonou-Parakou,Renversement,Responsable,Corporel léger,Non,UAB,3544000,284000,2905000.0,1,35.0,Réglé,6,AUTO
AUTO-2023-260,2023,3,2023-03-24,PRT-0315-BJ,Véhicule léger 4x4,Toyota,17,Moyen,Collines,RN7 Cotonou-Ouidah,Accrochage mineur,Non responsable,Matériel léger,Non,SOBAC,120000,160000,0.0,5,32.0,Réglé,13,AUTO
AUTO-2023-261,2023,6,2023-06-26,PRT-0436-BJ,Camion plateau,DAF,4,Moyen,Littoral,RN1 Cotonou-Lagos,Sortie de route,Responsable,Matériel grave,Non,COLINA,2511000,185000,1910000.0,10,94.0,Réglé,15,AUTO
AUTO-2023-262,2023,1,2023-01-12,PRT-0037-BJ,Camion benne,SHACMAN,4,Bon,Mono,RN7 Cotonou-Ouidah,Accrochage mineur,Responsable,Matériel grave,Oui,Allianz Bénin,6000000,103000,5013000.0,9,84.0,Réglé,13,AUTO
AUTO-2023-263,2023,7,2023-07-06,PRT-0096-BJ,Camion citerne,Mercedes-Benz,8,Moyen,Collines,RN6 Natitingou-Kérou,Accrochage mineur,Non responsable,Matériel léger,Oui,COLINA,136000,238000,0.0,5,,En expertise,13,AUTO
AUTO-2023-264,2023,2,2023-02-27,PRT-0418-BJ,Niveleuse,Doosan,10,Moyen,Collines,RN2 Cotonou-Parakou,Sortie de route,Non responsable,Matériel léger,Non,COLINA,209000,154000,0.0,6,,En cours,19,AUTO
AUTO-2023-265,2023,12,2023-12-12,PRT-0006-BJ,Camion benne,FOTON,16,Moyen,Zou,Voirie urbaine Parakou,Collision frontale,Responsable,Corporel léger,Oui,BGFA Bénin,4904000,356000,3389000.0,8,33.0,Réglé,11,AUTO
AUTO-2023-266,2023,9,2023-09-25,PRT-0699-BJ,Camion benne,FAW,7,Moyen,Alibori,Voirie urbaine Cotonou,Collision par l'arrière,Responsable,Matériel grave,Oui,SOBAC,2258000,364000,0.0,7,,En cours,3,AUTO
AUTO-2023-267,2023,2,2023-02-09,PRT-0746-BJ,Camion plateau,FAW,11,Bon,Littoral,RN1 Cotonou-Lagos,Collision frontale,Responsable,Corporel léger,Oui,COLINA,6633000,212000,0.0,3,,En cours,11,AUTO
AUTO-2023-268,2023,3,2023-03-15,PRT-0801-BJ,Niveleuse,SANY,2,Bon,Ouémé,RN2 Cotonou-Parakou,Renversement,Non responsable,Corporel grave,Oui,COLINA,24935000,159000,22212000.0,7,48.0,Réglé,17,AUTO
AUTO-2023-269,2023,10,2023-10-07,PRT-0485-BJ,Bulldozer,SANY,7,Bon,Littoral,Piste rurale,Accrochage mineur,Responsable,Matériel léger,Non,BGFA Bénin,358000,110000,179000.0,9,119.0,Réglé,3,AUTO
AUTO-2023-270,2023,6,2023-06-22,PRT-0399-BJ,Véhicule léger 4x4,Mitsubishi,6,Moyen,Borgou,RN7 Cotonou-Ouidah,Accrochage mineur,Responsable,Corporel grave,Non,SOBAC,5052000,157000,4578000.0,10,84.0,Réglé,18,AUTO
AUTO-2023-271,2023,10,2023-10-26,PRT-0358-BJ,Véhicule léger 4x4,Land Rover,4,Bon,Littoral,Voirie urbaine Parakou,Sortie de route,Responsabilité partagée,Matériel grave,Oui,SAAR-Bénin,1225000,271000,815000.0,4,32.0,Réglé,2,AUTO
AUTO-2024-272,2024,5,2024-05-08,PRT-0537-BJ,Niveleuse,SANY,6,Bon,Alibori,Route départementale,Écrasement obstacle fixe,Responsable,Matériel léger,Oui,COLINA,271000,311000,0.0,10,56.0,Réglé,8,AUTO
AUTO-2024-273,2024,10,2024-10-20,PRT-0599-BJ,Véhicule léger 4x4,Land Rover,12,Moyen,Zou,RN1 Cotonou-Lagos,Collision frontale,Responsable,Matériel léger,Oui,UAB,301000,368000,0.0,1,53.0,Réglé,11,AUTO
AUTO-2024-274,2024,6,2024-06-07,PRT-0407-BJ,Véhicule léger 4x4,Land Rover,5,Bon,Atlantique,RN3 Parakou-Malanville,Collision par l'arrière,Responsable,Corporel léger,Oui,SOBAC,4294000,345000,3621000.0,8,27.0,Réglé,3,AUTO
AUTO-2024-275,2024,10,2024-10-19,PRT-0296-BJ,Bulldozer,XCMG,9,Moyen,Atacora,Route départementale,Écrasement obstacle fixe,Non responsable,Matériel grave,Oui,SOBAC,973000,204000,637000.0,8,114.0,Réglé,5,AUTO
AUTO-2024-276,2024,5,2024-05-02,PRT-0106-BJ,Véhicule léger 4x4,Land Rover,2,Bon,Littoral,RN1 Cotonou-Lagos,Collision par l'arrière,Non responsable,Matériel grave,Oui,UAB,2466000,229000,2105000.0,1,49.0,Réglé,1,AUTO
AUTO-2024-277,2024,9,2024-09-26,PRT-0512-BJ,Véhicule léger 4x4,Toyota,12,Moyen,Littoral,RN2 Cotonou-Parakou,Sortie de route,Non responsable,Matériel grave,Non,NSIA Bénin,2277000,321000,1435000.0,7,118.0,Réglé,14,AUTO
AUTO-2024-278,2024,7,2024-07-04,PRT-0719-BJ,Camion citerne,MAN,17,Mauvais,Ouémé,Piste rurale,Collision latérale,Responsable,Corporel léger,Oui,NSIA Bénin,8809000,203000,6729000.0,1,31.0,Litigieux,8,AUTO
AUTO-2024-279,2024,6,2024-06-25,PRT-0069-BJ,Camion benne,SINO TRUCK,5,Bon,Atacora,RN1 Cotonou-Lagos,Renversement,Responsable,Corporel léger,Oui,UAB,8387000,341000,0.0,2,,En expertise,2,AUTO
AUTO-2024-280,2024,3,2024-03-06,PRT-0066-BJ,Véhicule léger 4x4,Toyota,10,Moyen,Atlantique,RN1 Cotonou-Lomé,Renversement,Non responsable,Matériel léger,Oui,UAB,177000,173000,4000.0,2,81.0,Réglé,9,AUTO
AUTO-2024-281,2024,11,2024-11-07,PRT-0070-BJ,Camion citerne,Volvo,17,Mauvais,Plateau,Route départementale,Collision latérale,Responsabilité partagée,Matériel grave,Oui,SAAR-Bénin,1018000,358000,527000.0,5,66.0,Réglé,21,AUTO
AUTO-2024-282,2024,5,2024-05-09,PRT-0304-BJ,Niveleuse,SANY,14,Mauvais,Atlantique,Piste rurale,Collision frontale,Responsable,Matériel grave,Oui,SAAR-Bénin,1474000,370000,0.0,8,,En cours,9,AUTO
AUTO-2024-283,2024,2,2024-02-05,PRT-0363-BJ,Camion benne,FAW,4,Moyen,Alibori,RN1 Cotonou-Lagos,Collision latérale,Non responsable,Matériel grave,Oui,NSIA Bénin,1310000,163000,1069000.0,4,38.0,Réglé,15,AUTO
AUTO-2024-284,2024,8,2024-08-15,PRT-0373-BJ,Véhicule léger 4x4,Toyota,3,Bon,Donga,RN6 Natitingou-Kérou,Écrasement obstacle fixe,Responsable,Matériel léger,Oui,Allianz Bénin,319000,183000,127000.0,10,30.0,Réglé,13,AUTO
AUTO-2024-285,2024,7,2024-07-28,PRT-0371-BJ,Pelle hydraulique,Komatsu,18,Mauvais,Ouémé,RN1 Cotonou-Lagos,Collision par l'arrière,Responsable,Matériel grave,Oui,UAB,2657000,155000,1835000.0,9,59.0,Réglé,12,AUTO
AUTO-2024-286,2024,11,2024-11-20,PRT-0617-BJ,Niveleuse,JCB,6,Moyen,Borgou,Voirie urbaine Cotonou,Écrasement obstacle fixe,Responsabilité partagée,Matériel léger,Non,Allianz Bénin,204000,343000,0.0,1,63.0,Réglé,4,AUTO
AUTO-2024-287,2024,7,2024-07-24,PRT-0592-BJ,Chargeur,Komatsu,8,Bon,Donga,Voirie urbaine Parakou,Renversement,Responsable,Matériel léger,Non,UAB,241000,272000,0.0,4,40.0,Réglé,5,AUTO
AUTO-2024-288,2024,11,2024-11-09,PRT-0663-BJ,Véhicule léger 4x4,Ford,4,Bon,Alibori,Piste rurale,Collision frontale,Responsabilité partagée,Corporel grave,Oui,NSIA Bénin,16651000,331000,14174000.0,5,24.0,Réglé,12,AUTO
AUTO-2024-289,2024,5,2024-05-09,PRT-0382-BJ,Camion benne,IVECO,15,Mauvais,Borgou,RN2 Cotonou-Parakou,Renversement,Responsable,Corporel léger,Non,SOBAC,2551000,192000,0.0,8,,En cours,15,AUTO
AUTO-2024-290,2024,1,2024-01-01,PRT-0474-BJ,Camion citerne,FAW,12,Mauvais,Plateau,Piste rurale,Sortie de route,Non responsable,Corporel grave,Non,Allianz Bénin,6980000,267000,5845000.0,9,30.0,Réglé,11,AUTO
AUTO-2024-291,2024,12,2024-12-15,PRT-0632-BJ,Camion benne,MAN,14,Mauvais,Littoral,RN1 Cotonou-Lagos,Collision latérale,Responsable,Corporel léger,Oui,UAB,2505000,248000,1727000.0,4,99.0,Réglé,4,AUTO
AUTO-2024-292,2024,8,2024-08-06,PRT-0478-BJ,Niveleuse,SANY,5,Bon,Borgou,RN1 Cotonou-Lagos,Renversement,Responsable,Corporel léger,Non,COLINA,8150000,266000,7627000.0,6,53.0,Réglé,18,AUTO
AUTO-2024-293,2024,9,2024-09-20,PRT-0579-BJ,Chargeur,XCMG,2,Bon,Atlantique,RN1 Cotonou-Lomé,Renversement,Responsable,Matériel léger,Non,NSIA Bénin,133000,253000,0.0,7,67.0,Réglé,10,AUTO
AUTO-2024-294,2024,3,2024-03-11,PRT-0349-BJ,Camion benne,FAW,4,Bon,Collines,RN7 Cotonou-Ouidah,Sortie de route,Responsabilité partagée,Matériel léger,Oui,SOBAC,253000,212000,33000.0,1,23.0,Litigieux,10,AUTO
AUTO-2024-295,2024,11,2024-11-19,PRT-0075-BJ,Véhicule léger 4x4,Mitsubishi,12,Bon,Littoral,RN3 Parakou-Malanville,Écrasement obstacle fixe,Responsable,Matériel grave,Non,BGFA Bénin,2606000,315000,0.0,7,,En cours,19,AUTO
AUTO-2024-296,2024,1,2024-01-24,PRT-0403-BJ,Pelle hydraulique,Volvo CE,5,Bon,Littoral,Route départementale,Accrochage mineur,Responsable,Corporel léger,Non,COLINA,8442000,123000,6475000.0,2,84.0,Litigieux,17,AUTO
AUTO-2024-297,2024,10,2024-10-20,PRT-0286-BJ,Camion benne,Volvo,4,Bon,Plateau,RN7 Cotonou-Ouidah,Sortie de route,Responsable,Matériel grave,Oui,SAAR-Bénin,1379000,159000,1167000.0,4,62.0,Réglé,15,AUTO
AUTO-2024-298,2024,5,2024-05-04,PRT-0861-BJ,Véhicule léger 4x4,Mitsubishi,9,Moyen,Borgou,Piste rurale,Sortie de route,Responsable,Matériel grave,Non,SAAR-Bénin,682000,206000,456000.0,4,103.0,Réglé,15,AUTO
AUTO-2024-299,2024,9,2024-09-08,PRT-0862-BJ,Camion malaxeur béton,SHACMAN,3,Bon,Zou,RN2 Cotonou-Parakou,Collision par l'arrière,Responsabilité partagée,Corporel léger,Oui,UAB,1573000,173000,1253000.0,10,105.0,Litigieux,9,AUTO
AUTO-2024-300,2024,10,2024-10-11,PRT-0054-BJ,Camion benne,SINO TRUCK,2,Bon,Atlantique,Voirie urbaine Parakou,Sortie de route,Responsable,Matériel léger,Oui,NSIA Bénin,500000,145000,337000.0,1,45.0,Réglé,6,AUTO
AUTO-2024-301,2024,3,2024-03-09,PRT-0161-BJ,Camion citerne,SINO TRUCK,3,Bon,Borgou,RN1 Cotonou-Lomé,Sortie de route,Non responsable,Matériel grave,Oui,BGFA Bénin,1084000,138000,787000.0,3,108.0,Réglé,17,AUTO
AUTO-2024-302,2024,10,2024-10-13,PRT-0156-BJ,Camion benne,FOTON,11,Mauvais,Atacora,RN1 Cotonou-Lagos,Sortie de route,Non responsable,Matériel léger,Oui,SOBAC,214000,172000,34000.0,2,63.0,Réglé,12,AUTO
AUTO-2024-303,2024,12,2024-12-14,PRT-0216-BJ,Compacteur,Hitachi,7,Bon,Collines,RN2 Cotonou-Parakou,Sortie de route,Responsable,Matériel grave,Oui,SOBAC,2005000,243000,1353000.0,1,118.0,Réglé,19,AUTO
AUTO-2024-304,2024,8,2024-08-22,PRT-0612-BJ,Véhicule léger 4x4,Isuzu,13,Moyen,Collines,Voirie urbaine Parakou,Sortie de route,Responsable,Matériel léger,Non,NSIA Bénin,120000,317000,0.0,6,49.0,Réglé,2,AUTO
AUTO-2024-305,2024,7,2024-07-17,PRT-0401-BJ,Camion benne,Mercedes-Benz,7,Bon,Zou,RN1 Cotonou-Lagos,Sortie de route,Responsable,Corporel léger,Oui,UAB,4503000,215000,0.0,4,,En cours,14,AUTO
AUTO-2024-306,2024,7,2024-07-19,PRT-0885-BJ,Niveleuse,Hitachi,9,Mauvais,Atacora,RN6 Natitingou-Kérou,Collision latérale,Responsable,Matériel léger,Oui,SAAR-Bénin,369000,136000,194000.0,5,41.0,Réglé,20,AUTO
AUTO-2024-307,2024,9,2024-09-08,PRT-0888-BJ,Camion benne,FOTON,14,Mauvais,Collines,Route départementale,Collision par l'arrière,Non responsable,Matériel léger,Oui,BGFA Bénin,269000,253000,14000.0,9,25.0,Réglé,7,AUTO
AUTO-2024-308,2024,1,2024-01-27,PRT-0072-BJ,Camion benne,SHACMAN,17,Mauvais,Alibori,Route départementale,Collision latérale,Responsabilité partagée,Matériel léger,Oui,Allianz Bénin,230000,271000,0.0,3,,En cours,15,AUTO
AUTO-2024-309,2024,5,2024-05-04,PRT-0079-BJ,Camion citerne,FAW,4,Bon,Borgou,RN1 Cotonou-Lomé,Collision frontale,Responsable,Corporel grave,Oui,SOBAC,6085000,230000,5532000.0,6,55.0,Réglé,3,AUTO
AUTO-2024-310,2024,9,2024-09-08,PRT-0398-BJ,Camion benne,FOTON,7,Moyen,Borgou,RN7 Cotonou-Ouidah,Renversement,Responsable,Matériel léger,Oui,COLINA,210000,236000,0.0,1,,En cours,14,AUTO
AUTO-2024-311,2024,2,2024-02-23,PRT-0639-BJ,Niveleuse,Hitachi,19,Moyen,Alibori,RN3 Parakou-Malanville,Écrasement obstacle fixe,Non responsable,Matériel léger,Oui,SOBAC,285000,351000,0.0,3,,En cours,19,AUTO
AUTO-2024-312,2024,6,2024-06-08,PRT-0127-BJ,Niveleuse,Komatsu,4,Bon,Borgou,RN1 Cotonou-Lomé,Collision par l'arrière,Responsable,Matériel léger,Oui,NSIA Bénin,174000,156000,14000.0,9,101.0,Réglé,7,AUTO
AUTO-2024-313,2024,1,2024-01-03,PRT-0039-BJ,Pelle hydraulique,Hitachi,4,Bon,Plateau,RN7 Cotonou-Ouidah,Accrochage mineur,Responsable,Matériel grave,Oui,COLINA,648000,225000,346000.0,8,94.0,Réglé,17,AUTO
AUTO-2024-314,2024,8,2024-08-06,PRT-0093-BJ,Compacteur,Komatsu,14,Moyen,Atacora,Piste rurale,Collision latérale,Non responsable,Corporel léger,Oui,SAAR-Bénin,2696000,247000,0.0,6,,En cours,18,AUTO
AUTO-2024-315,2024,7,2024-07-04,PRT-0686-BJ,Chargeur,Hitachi,6,Bon,Atlantique,RN2 Cotonou-Parakou,Écrasement obstacle fixe,Non responsable,Corporel grave,Oui,UAB,12870000,226000,9917000.0,8,74.0,Réglé,11,AUTO
AUTO-2024-316,2024,8,2024-08-12,PRT-0587-BJ,Camion malaxeur béton,SHACMAN,15,Mauvais,Borgou,RN3 Parakou-Malanville,Écrasement obstacle fixe,Responsabilité partagée,Matériel grave,Non,SOBAC,2019000,352000,0.0,1,,En expertise,10,AUTO
AUTO-2024-317,2024,5,2024-05-07,PRT-0080-BJ,Véhicule léger 4x4,Ford,9,Moyen,Atacora,Voirie urbaine Cotonou,Collision frontale,Non responsable,Corporel léger,Oui,Allianz Bénin,3906000,197000,0.0,7,,En cours,15,AUTO
AUTO-2024-318,2024,6,2024-06-09,PRT-0048-BJ,Pelle hydraulique,Caterpillar,2,Bon,Atacora,Route départementale,Accrochage mineur,Responsable,Matériel léger,Oui,NSIA Bénin,500000,291000,175000.0,4,48.0,Réglé,21,AUTO
AUTO-2024-319,2024,3,2024-03-20,PRT-0017-BJ,Camion benne,Mercedes-Benz,16,Moyen,Collines,RN7 Cotonou-Ouidah,Renversement,Responsable,Matériel léger,Oui,UAB,196000,317000,0.0,6,,En expertise,18,AUTO
AUTO-2024-320,2024,2,2024-02-02,PRT-0010-BJ,Grue mobile,Liebherr,8,Moyen,Zou,RN2 Cotonou-Parakou,Collision par l'arrière,Responsabilité partagée,Matériel léger,Oui,SOBAC,308000,351000,0.0,6,57.0,Réglé,11,AUTO
AUTO-2024-321,2024,6,2024-06-18,PRT-0272-BJ,Camion benne,SHACMAN,3,Bon,Borgou,RN1 Cotonou-Lagos,Collision frontale,Non responsable,Corporel grave,Oui,BGFA Bénin,20635000,327000,17270000.0,3,82.0,Réglé,10,AUTO
AUTO-2024-322,2024,5,2024-05-08,PRT-0220-BJ,Véhicule léger 4x4,Ford,7,Bon,Collines,Voirie urbaine Cotonou,Collision frontale,Responsable,Matériel grave,Oui,NSIA Bénin,1126000,137000,0.0,3,,En cours,9,AUTO
AUTO-2024-323,2024,10,2024-10-03,PRT-0578-BJ,Compacteur,Liebherr,16,Mauvais,Littoral,RN1 Cotonou-Lomé,Écrasement obstacle fixe,Non responsable,Matériel grave,Oui,UAB,4238000,106000,0.0,10,,En cours,13,AUTO
AUTO-2024-324,2024,4,2024-04-20,PRT-0355-BJ,Camion plateau,MAN,4,Bon,Alibori,Voirie urbaine Cotonou,Sortie de route,Responsable,Corporel léger,Non,Allianz Bénin,1917000,107000,1399000.0,5,53.0,Réglé,14,AUTO
AUTO-2024-325,2024,2,2024-02-14,PRT-0516-BJ,Camion citerne,DAF,14,Mauvais,Zou,Route départementale,Accrochage mineur,Responsable,Matériel grave,Non,SAAR-Bénin,1669000,173000,1270000.0,2,70.0,Réglé,15,AUTO
AUTO-2024-326,2024,4,2024-04-01,PRT-0311-BJ,Camion benne,MAN,12,Moyen,Ouémé,RN1 Cotonou-Lomé,Collision latérale,Responsable,Matériel léger,Oui,Allianz Bénin,170000,133000,28000.0,2,100.0,Réglé,18,AUTO
AUTO-2024-327,2024,4,2024-04-28,PRT-0090-BJ,Niveleuse,SANY,12,Mauvais,Donga,RN3 Parakou-Malanville,Collision frontale,Responsable,Matériel grave,Oui,NSIA Bénin,931000,285000,587000.0,1,92.0,Réglé,16,AUTO
AUTO-2024-328,2024,5,2024-05-10,PRT-0534-BJ,Véhicule léger 4x4,Isuzu,2,Bon,Borgou,RN3 Parakou-Malanville,Collision frontale,Responsable,Corporel léger,Oui,COLINA,3429000,270000,2279000.0,9,108.0,Réglé,16,AUTO
AUTO-2024-329,2024,7,2024-07-11,PRT-0848-BJ,Camion benne,Volvo,14,Moyen,Donga,RN1 Cotonou-Lomé,Sortie de route,Non responsable,Matériel léger,Oui,SAAR-Bénin,277000,254000,0.0,7,,En expertise,3,AUTO
AUTO-2024-330,2024,6,2024-06-25,PRT-0898-BJ,Véhicule léger 4x4,Ford,13,Mauvais,Littoral,RN1 Cotonou-Lagos,Collision frontale,Responsable,Matériel grave,Oui,UAB,2612000,231000,0.0,7,,Refusé,16,AUTO
AUTO-2024-331,2024,4,2024-04-26,PRT-0162-BJ,Camion benne,SHACMAN,10,Moyen,Zou,Route départementale,Écrasement obstacle fixe,Responsable,Matériel léger,Non,UAB,296000,220000,63000.0,6,57.0,Réglé,20,AUTO
AUTO-2024-332,2024,11,2024-11-19,PRT-0763-BJ,Camion citerne,FAW,13,Mauvais,Collines,Voirie urbaine Parakou,Renversement,Non responsable,Matériel léger,Non,SAAR-Bénin,191000,341000,0.0,8,97.0,Litigieux,7,AUTO
AUTO-2024-333,2024,11,2024-11-24,PRT-0039-BJ,Pelle hydraulique,Hitachi,4,Bon,Borgou,RN2 Cotonou-Parakou,Collision par l'arrière,Responsable,Corporel léger,Oui,COLINA,8912000,315000,6900000.0,8,42.0,Réglé,3,AUTO
AUTO-2024-334,2024,12,2024-12-01,PRT-0318-BJ,Camion benne,MAN,9,Mauvais,Atlantique,RN1 Cotonou-Lomé,Accrochage mineur,Responsable,Matériel léger,Oui,COLINA,483000,238000,216000.0,6,96.0,Réglé,21,AUTO
AUTO-2024-335,2024,7,2024-07-08,PRT-0609-BJ,Camion benne,DAF,19,Mauvais,Ouémé,Piste rurale,Collision par l'arrière,Responsable,Matériel léger,Oui,SAAR-Bénin,156000,346000,0.0,5,,En expertise,12,AUTO
AUTO-2024-336,2024,8,2024-08-13,PRT-0058-BJ,Camion citerne,DAF,11,Mauvais,Donga,RN6 Natitingou-Kérou,Accrochage mineur,Non responsable,Matériel grave,Oui,BGFA Bénin,2365000,123000,2040000.0,10,55.0,Réglé,4,AUTO
AUTO-2024-337,2024,3,2024-03-17,PRT-0774-BJ,Camion benne,FAW,14,Moyen,Zou,Piste rurale,Collision latérale,Non responsable,Corporel léger,Oui,BGFA Bénin,2183000,356000,0.0,8,,En cours,7,AUTO
AUTO-2024-338,2024,4,2024-04-26,PRT-0542-BJ,Grue mobile,XCMG,6,Bon,Atlantique,RN2 Cotonou-Parakou,Écrasement obstacle fixe,Non responsable,Matériel léger,Oui,Allianz Bénin,500000,143000,257000.0,9,29.0,Réglé,15,AUTO
AUTO-2024-339,2024,6,2024-06-16,PRT-0386-BJ,Camion citerne,FOTON,19,Mauvais,Atlantique,Voirie urbaine Parakou,Collision frontale,Responsable,Matériel grave,Oui,SOBAC,3347000,218000,0.0,6,,En cours,10,AUTO
AUTO-2024-340,2024,10,2024-10-11,PRT-0170-BJ,Compacteur,Liebherr,6,Moyen,Zou,RN2 Cotonou-Parakou,Écrasement obstacle fixe,Responsable,Corporel léger,Non,UAB,4221000,150000,0.0,7,,En cours,18,AUTO
AUTO-2024-341,2024,6,2024-06-23,PRT-0684-BJ,Camion benne,FAW,11,Moyen,Borgou,Voirie urbaine Cotonou,Renversement,Responsabilité partagée,Matériel grave,Non,COLINA,2514000,296000,2096000.0,4,79.0,Réglé,20,AUTO
AUTO-2024-342,2024,7,2024-07-07,PRT-0067-BJ,Pelle hydraulique,Hitachi,15,Mauvais,Ouémé,RN7 Cotonou-Ouidah,Accrochage mineur,Responsabilité partagée,Matériel léger,Non,SOBAC,219000,159000,46000.0,2,95.0,Réglé,12,AUTO
AUTO-2024-343,2024,11,2024-11-17,PRT-0278-BJ,Grue mobile,Caterpillar,19,Mauvais,Donga,RN6 Natitingou-Kérou,Collision frontale,Non responsable,Matériel grave,Oui,COLINA,2131000,293000,1799000.0,5,110.0,Réglé,21,AUTO
AUTO-2024-344,2024,2,2024-02-19,PRT-0586-BJ,Niveleuse,Volvo CE,4,Bon,Alibori,RN1 Cotonou-Lagos,Sortie de route,Responsabilité partagée,Corporel léger,Oui,NSIA Bénin,1557000,290000,1068000.0,6,102.0,Réglé,1,AUTO
AUTO-2024-345,2024,8,2024-08-23,PRT-0781-BJ,Camion benne,SINO TRUCK,12,Bon,Littoral,RN1 Cotonou-Lagos,Écrasement obstacle fixe,Responsabilité partagée,Matériel grave,Oui,SOBAC,5225000,125000,0.0,8,,En expertise,21,AUTO
AUTO-2024-346,2024,9,2024-09-11,PRT-0618-BJ,Camion benne,SINO TRUCK,10,Bon,Littoral,Piste rurale,Écrasement obstacle fixe,Responsable,Matériel grave,Oui,COLINA,3173000,284000,2709000.0,6,60.0,Réglé,17,AUTO
AUTO-2024-347,2024,1,2024-01-22,PRT-0267-BJ,Pelle hydraulique,SANY,8,Moyen,Ouémé,RN6 Natitingou-Kérou,Accrochage mineur,Responsable,Corporel léger,Oui,SAAR-Bénin,5952000,158000,0.0,2,,En cours,6,AUTO
AUTO-2024-348,2024,6,2024-06-09,PRT-0583-BJ,Camion benne,MAN,3,Bon,Collines,RN6 Natitingou-Kérou,Sortie de route,Responsable,Matériel grave,Oui,SAAR-Bénin,1485000,324000,0.0,5,,En expertise,18,AUTO
AUTO-2024-349,2024,6,2024-06-11,PRT-0754-BJ,Niveleuse,XCMG,10,Moyen,Plateau,RN1 Cotonou-Lomé,Collision frontale,Non responsable,Corporel léger,Oui,UAB,6026000,239000,4303000.0,3,113.0,Réglé,11,AUTO
AUTO-2024-350,2024,8,2024-08-01,PRT-0135-BJ,Camion malaxeur béton,IVECO,3,Bon,Borgou,RN3 Parakou-Malanville,Collision par l'arrière,Non responsable,Corporel léger,Oui,BGFA Bénin,1745000,238000,0.0,5,,En expertise,22,AUTO
AUTO-2024-351,2024,8,2024-08-28,PRT-0283-BJ,Camion plateau,Volvo,8,Bon,Littoral,RN7 Cotonou-Ouidah,Collision par l'arrière,Responsable,Corporel léger,Oui,UAB,2001000,214000,1416000.0,7,92.0,Réglé,8,AUTO
AUTO-2024-352,2024,10,2024-10-09,PRT-0723-BJ,Camion benne,SINO TRUCK,7,Moyen,Atacora,RN7 Cotonou-Ouidah,Collision latérale,Responsable,Matériel léger,Oui,NSIA Bénin,319000,232000,71000.0,9,66.0,Réglé,15,AUTO
AUTO-2024-353,2024,10,2024-10-22,PRT-0001-BJ,Pelle hydraulique,Caterpillar,11,Bon,Alibori,RN6 Natitingou-Kérou,Écrasement obstacle fixe,Non responsable,Matériel léger,Non,SOBAC,131000,147000,0.0,4,75.0,Réglé,11,AUTO
AUTO-2024-354,2024,9,2024-09-17,PRT-0736-BJ,Niveleuse,Doosan,17,Moyen,Zou,RN1 Cotonou-Lomé,Collision latérale,Responsable,Matériel grave,Oui,Allianz Bénin,752000,332000,353000.0,9,24.0,Réglé,22,AUTO
AUTO-2024-355,2024,8,2024-08-16,PRT-0035-BJ,Camion benne,DAF,17,Mauvais,Littoral,RN7 Cotonou-Ouidah,Collision latérale,Non responsable,Matériel grave,Oui,NSIA Bénin,1543000,297000,1002000.0,1,33.0,Litigieux,6,AUTO
AUTO-2024-356,2024,6,2024-06-11,PRT-0710-BJ,Véhicule léger 4x4,Toyota,3,Bon,Atlantique,Voirie urbaine Parakou,Collision par l'arrière,Responsabilité partagée,Corporel grave,Oui,COLINA,14400000,192000,10917000.0,10,22.0,Réglé,15,AUTO
AUTO-2024-357,2024,8,2024-08-23,PRT-0414-BJ,Compacteur,JCB,16,Mauvais,Ouémé,Voirie urbaine Cotonou,Écrasement obstacle fixe,Responsable,Matériel léger,Non,Allianz Bénin,500000,317000,0.0,5,,En cours,2,AUTO
AUTO-2024-358,2024,12,2024-12-08,PRT-0754-BJ,Niveleuse,XCMG,10,Moyen,Borgou,RN2 Cotonou-Parakou,Renversement,Responsable,Corporel grave,Oui,UAB,9840000,228000,8364000.0,9,95.0,Réglé,6,AUTO
AUTO-2024-359,2024,11,2024-11-20,PRT-0837-BJ,Compacteur,JCB,9,Mauvais,Mono,RN1 Cotonou-Lagos,Collision par l'arrière,Responsabilité partagée,Corporel grave,Oui,COLINA,30300000,270000,26801000.0,2,120.0,Réglé,10,AUTO
AUTO-2024-360,2024,10,2024-10-05,PRT-0725-BJ,Compacteur,SANY,8,Moyen,Alibori,RN1 Cotonou-Lomé,Collision par l'arrière,Responsable,Matériel grave,Oui,SAAR-Bénin,943000,298000,493000.0,3,59.0,Réglé,8,AUTO
AUTO-2024-361,2024,10,2024-10-14,PRT-0488-BJ,Camion benne,FOTON,8,Mauvais,Littoral,Route départementale,Accrochage mineur,Non responsable,Matériel léger,Non,COLINA,253000,333000,0.0,7,32.0,Réglé,7,AUTO
AUTO-2024-362,2024,11,2024-11-22,PRT-0827-BJ,Camion citerne,Volvo,10,Mauvais,Ouémé,Voirie urbaine Cotonou,Collision par l'arrière,Non responsable,Matériel grave,Oui,Allianz Bénin,2806000,129000,2459000.0,6,37.0,Réglé,10,AUTO
AUTO-2024-363,2024,10,2024-10-24,PRT-0345-BJ,Compacteur,SANY,12,Bon,Atacora,RN3 Parakou-Malanville,Renversement,Responsable,Matériel grave,Oui,COLINA,1057000,246000,0.0,10,,En cours,6,AUTO
AUTO-2024-364,2024,9,2024-09-12,PRT-0564-BJ,Camion benne,DAF,10,Mauvais,Ouémé,Voirie urbaine Parakou,Collision frontale,Non responsable,Matériel grave,Oui,SAAR-Bénin,1569000,326000,1104000.0,4,37.0,Litigieux,2,AUTO
AUTO-2024-365,2024,4,2024-04-14,PRT-0758-BJ,Camion benne,Volvo,19,Moyen,Littoral,RN6 Natitingou-Kérou,Collision par l'arrière,Responsable,Matériel léger,Oui,BGFA Bénin,120000,185000,0.0,7,24.0,Réglé,6,AUTO
AUTO-2024-366,2024,4,2024-04-22,PRT-0498-BJ,Camion citerne,SHACMAN,3,Bon,Zou,RN7 Cotonou-Ouidah,Écrasement obstacle fixe,Responsable,Matériel léger,Oui,Allianz Bénin,500000,306000,183000.0,3,21.0,Réglé,19,AUTO
AUTO-2024-367,2024,7,2024-07-22,PRT-0475-BJ,Niveleuse,Caterpillar,9,Moyen,Plateau,Piste rurale,Accrochage mineur,Responsable,Matériel grave,Oui,SOBAC,3629000,331000,2596000.0,8,101.0,Réglé,17,AUTO
AUTO-2024-368,2024,6,2024-06-16,PRT-0102-BJ,Camion benne,IVECO,9,Moyen,Borgou,RN1 Cotonou-Lomé,Collision latérale,Responsable,Corporel léger,Oui,SAAR-Bénin,2929000,154000,2546000.0,3,106.0,Réglé,1,AUTO
AUTO-2024-369,2024,6,2024-06-23,PRT-0680-BJ,Camion benne,Volvo,15,Moyen,Collines,Voirie urbaine Parakou,Écrasement obstacle fixe,Non responsable,Matériel léger,Oui,Allianz Bénin,170000,362000,0.0,8,25.0,Réglé,12,AUTO
AUTO-2024-370,2024,1,2024-01-20,PRT-0021-BJ,Camion benne,FAW,14,Moyen,Borgou,RN7 Cotonou-Ouidah,Collision latérale,Non responsable,Matériel léger,Oui,SAAR-Bénin,263000,330000,0.0,7,57.0,Réglé,1,AUTO
AUTO-2024-371,2024,6,2024-06-10,PRT-0394-BJ,Camion citerne,SINO TRUCK,7,Moyen,Collines,RN1 Cotonou-Lomé,Collision latérale,Non responsable,Matériel grave,Oui,NSIA Bénin,2809000,259000,1952000.0,3,88.0,Réglé,5,AUTO
AUTO-2024-372,2024,8,2024-08-14,PRT-0013-BJ,Camion citerne,Mercedes-Benz,12,Mauvais,Atacora,RN1 Cotonou-Lagos,Sortie de route,Non responsable,Matériel léger,Non,SAAR-Bénin,445000,173000,0.0,2,,En expertise,11,AUTO
AUTO-2024-373,2024,6,2024-06-05,PRT-0404-BJ,Pelle hydraulique,Liebherr,8,Moyen,Collines,RN7 Cotonou-Ouidah,Écrasement obstacle fixe,Responsabilité partagée,Matériel grave,Oui,UAB,500000,215000,0.0,5,,Refusé,14,AUTO
AUTO-2024-374,2024,6,2024-06-06,PRT-0095-BJ,Grue mobile,Volvo CE,16,Moyen,Donga,RN6 Natitingou-Kérou,Accrochage mineur,Non responsable,Matériel léger,Non,COLINA,216000,124000,89000.0,10,44.0,Litigieux,17,AUTO
AUTO-2024-375,2024,7,2024-07-26,PRT-0564-BJ,Camion benne,DAF,10,Mauvais,Atlantique,RN2 Cotonou-Parakou,Collision latérale,Non responsable,Corporel léger,Oui,SAAR-Bénin,4693000,165000,3584000.0,5,108.0,Litigieux,17,AUTO
AUTO-2024-376,2024,8,2024-08-20,PRT-0468-BJ,Camion benne,Mercedes-Benz,4,Moyen,Ouémé,RN6 Natitingou-Kérou,Collision latérale,Responsable,Matériel léger,Oui,BGFA Bénin,173000,222000,0.0,5,36.0,Réglé,15,AUTO
AUTO-2024-377,2024,8,2024-08-21,PRT-0114-BJ,Camion benne,IVECO,17,Moyen,Atlantique,Piste rurale,Collision frontale,Non responsable,Matériel léger,Oui,UAB,454000,166000,0.0,8,,En cours,19,AUTO
AUTO-2024-378,2024,6,2024-06-20,PRT-0667-BJ,Pelle hydraulique,Liebherr,8,Mauvais,Atlantique,RN3 Parakou-Malanville,Renversement,Responsable,Matériel léger,Non,SOBAC,183000,202000,0.0,9,79.0,Réglé,6,AUTO
AUTO-2024-379,2024,8,2024-08-09,PRT-0828-BJ,Véhicule léger 4x4,Nissan,14,Mauvais,Ouémé,RN6 Natitingou-Kérou,Renversement,Responsabilité partagée,Matériel grave,Non,NSIA Bénin,2274000,289000,1607000.0,5,46.0,Réglé,11,AUTO
AUTO-2024-380,2024,6,2024-06-15,PRT-0122-BJ,Compacteur,XCMG,5,Bon,Littoral,RN6 Natitingou-Kérou,Collision par l'arrière,Non responsable,Matériel grave,Oui,UAB,2057000,269000,1643000.0,9,116.0,Réglé,16,AUTO
AUTO-2024-381,2024,12,2024-12-13,PRT-0627-BJ,Camion benne,FAW,12,Moyen,Donga,RN2 Cotonou-Parakou,Renversement,Responsabilité partagée,Matériel léger,Non,COLINA,120000,137000,0.0,3,34.0,Réglé,13,AUTO
AUTO-2024-382,2024,7,2024-07-12,PRT-0445-BJ,Camion benne,SINO TRUCK,8,Bon,Borgou,Route départementale,Renversement,Responsable,Matériel grave,Non,BGFA Bénin,2756000,331000,0.0,9,,En cours,18,AUTO
AUTO-2024-383,2024,6,2024-06-28,PRT-0884-BJ,Camion benne,MAN,19,Mauvais,Ouémé,RN1 Cotonou-Lagos,Collision latérale,Non responsable,Corporel léger,Oui,Allianz Bénin,4617000,235000,3357000.0,9,56.0,Litigieux,11,AUTO
AUTO-2024-384,2024,9,2024-09-21,PRT-0562-BJ,Pelle hydraulique,Hitachi,14,Mauvais,Littoral,RN2 Cotonou-Parakou,Sortie de route,Non responsable,Corporel grave,Oui,SAAR-Bénin,23609000,225000,17985000.0,10,23.0,Réglé,20,AUTO
AUTO-2024-385,2024,7,2024-07-03,PRT-0495-BJ,Camion benne,FAW,19,Mauvais,Collines,RN7 Cotonou-Ouidah,Collision frontale,Responsable,Matériel grave,Oui,UAB,1775000,175000,1348000.0,1,31.0,Réglé,20,AUTO
AUTO-2024-386,2024,11,2024-11-21,PRT-0393-BJ,Véhicule léger 4x4,Isuzu,9,Moyen,Ouémé,Voirie urbaine Parakou,Collision par l'arrière,Responsabilité partagée,Matériel grave,Oui,COLINA,1237000,148000,1032000.0,4,42.0,Réglé,11,AUTO
AUTO-2024-387,2024,3,2024-03-03,PRT-0007-BJ,Camion benne,SHACMAN,2,Bon,Atacora,Route départementale,Sortie de route,Responsable,Matériel léger,Non,NSIA Bénin,120000,305000,0.0,2,42.0,Réglé,20,AUTO
AUTO-2024-388,2024,10,2024-10-28,PRT-0041-BJ,Niveleuse,Caterpillar,3,Bon,Donga,Route départementale,Sortie de route,Non responsable,Matériel léger,Non,NSIA Bénin,123000,121000,0.0,8,,En cours,13,AUTO
AUTO-2024-389,2024,2,2024-02-14,PRT-0297-BJ,Compacteur,Doosan,19,Mauvais,Donga,Voirie urbaine Parakou,Renversement,Responsable,Corporel léger,Oui,COLINA,2916000,333000,0.0,8,,En cours,2,AUTO
AUTO-2024-390,2024,5,2024-05-13,PRT-0229-BJ,Camion benne,Volvo,14,Moyen,Alibori,RN1 Cotonou-Lomé,Collision frontale,Responsable,Matériel grave,Oui,SOBAC,591000,315000,245000.0,2,74.0,Réglé,5,AUTO
AUTO-2024-391,2024,10,2024-10-25,PRT-0483-BJ,Camion benne,SINO TRUCK,13,Mauvais,Alibori,RN2 Cotonou-Parakou,Collision frontale,Non responsable,Corporel léger,Oui,NSIA Bénin,1500000,210000,0.0,4,,En cours,16,AUTO
AUTO-2024-392,2024,4,2024-04-04,PRT-0348-BJ,Pelle hydraulique,Hitachi,9,Moyen,Atlantique,RN7 Cotonou-Ouidah,Sortie de route,Responsabilité partagée,Matériel grave,Non,UAB,1606000,247000,1070000.0,8,57.0,Réglé,9,AUTO
AUTO-2024-393,2024,7,2024-07-20,PRT-0666-BJ,Compacteur,Volvo CE,18,Mauvais,Littoral,RN2 Cotonou-Parakou,Renversement,Responsable,Matériel léger,Non,UAB,120000,166000,0.0,10,57.0,Réglé,21,AUTO
AUTO-2024-394,2024,5,2024-05-23,PRT-0511-BJ,Camion benne,SINO TRUCK,12,Bon,Ouémé,RN6 Natitingou-Kérou,Accrochage mineur,Non responsable,Matériel léger,Non,Allianz Bénin,304000,139000,0.0,4,,En cours,1,AUTO
AUTO-2024-395,2024,10,2024-10-19,PRT-0864-BJ,Compacteur,Komatsu,13,Mauvais,Atlantique,Route départementale,Collision latérale,Responsable,Matériel grave,Oui,NSIA Bénin,758000,253000,0.0,7,,En expertise,16,AUTO
AUTO-2024-396,2024,8,2024-08-06,PRT-0396-BJ,Camion benne,SHACMAN,13,Moyen,Mono,Route départementale,Renversement,Responsabilité partagée,Matériel grave,Oui,NSIA Bénin,646000,194000,427000.0,8,82.0,Réglé,6,AUTO
AUTO-2024-397,2024,7,2024-07-13,PRT-0382-BJ,Camion benne,IVECO,15,Mauvais,Littoral,RN1 Cotonou-Lomé,Collision latérale,Responsable,Corporel grave,Oui,SOBAC,8866000,162000,7644000.0,4,113.0,Réglé,12,AUTO
AUTO-2024-398,2024,7,2024-07-19,PRT-0035-BJ,Camion benne,DAF,17,Mauvais,Atacora,RN3 Parakou-Malanville,Écrasement obstacle fixe,Non responsable,Corporel grave,Oui,NSIA Bénin,8285000,346000,0.0,6,,En cours,22,AUTO
AUTO-2024-399,2024,1,2024-01-21,PRT-0116-BJ,Véhicule léger 4x4,Mitsubishi,6,Bon,Littoral,Route départementale,Collision frontale,Responsable,Matériel léger,Oui,SOBAC,228000,388000,0.0,2,,En expertise,2,AUTO
AUTO-2024-400,2024,6,2024-06-17,PRT-0099-BJ,Compacteur,Hitachi,4,Moyen,Atlantique,Voirie urbaine Parakou,Accrochage mineur,Responsable,Matériel léger,Oui,SAAR-Bénin,167000,381000,0.0,3,,En expertise,2,AUTO
AUTO-2024-401,2024,12,2024-12-09,PRT-0599-BJ,Véhicule léger 4x4,Land Rover,12,Moyen,Zou,RN1 Cotonou-Lagos,Collision par l'arrière,Non responsable,Matériel léger,Oui,UAB,181000,375000,0.0,4,58.0,Litigieux,8,AUTO
AUTO-2024-402,2024,5,2024-05-25,PRT-0287-BJ,Niveleuse,Komatsu,7,Moyen,Zou,RN3 Parakou-Malanville,Renversement,Responsabilité partagée,Matériel grave,Oui,COLINA,1314000,115000,0.0,8,,En cours,4,AUTO
AUTO-2024-403,2024,6,2024-06-16,PRT-0574-BJ,Camion benne,FAW,10,Mauvais,Littoral,Voirie urbaine Parakou,Collision par l'arrière,Non responsable,Matériel grave,Oui,SAAR-Bénin,2777000,190000,2152000.0,4,34.0,Réglé,19,AUTO
AUTO-2024-404,2024,10,2024-10-20,PRT-0238-BJ,Pelle hydraulique,Liebherr,15,Mauvais,Borgou,Voirie urbaine Parakou,Collision latérale,Non responsable,Corporel grave,Oui,SOBAC,7195000,280000,5296000.0,9,84.0,Réglé,10,AUTO
AUTO-2024-405,2024,12,2024-12-10,PRT-0681-BJ,Camion benne,IVECO,14,Mauvais,Atlantique,RN2 Cotonou-Parakou,Collision latérale,Responsable,Matériel grave,Oui,SOBAC,1442000,268000,980000.0,8,116.0,Réglé,1,AUTO
AUTO-2024-406,2024,5,2024-05-17,PRT-0731-BJ,Niveleuse,SANY,4,Bon,Plateau,Route départementale,Collision frontale,Non responsable,Matériel léger,Oui,NSIA Bénin,120000,302000,0.0,3,63.0,Réglé,7,AUTO
AUTO-2024-407,2024,9,2024-09-25,PRT-0727-BJ,Pelle hydraulique,SANY,8,Moyen,Atlantique,RN3 Parakou-Malanville,Collision latérale,Responsable,Matériel léger,Oui,COLINA,292000,259000,26000.0,10,98.0,Réglé,22,AUTO
AUTO-2024-408,2024,3,2024-03-06,PRT-0586-BJ,Niveleuse,Volvo CE,4,Bon,Littoral,Piste rurale,Collision par l'arrière,Responsabilité partagée,Matériel léger,Oui,NSIA Bénin,211000,283000,0.0,7,80.0,Réglé,9,AUTO
AUTO-2024-409,2024,5,2024-05-09,PRT-0371-BJ,Pelle hydraulique,Komatsu,18,Mauvais,Plateau,RN7 Cotonou-Ouidah,Collision latérale,Responsable,Corporel léger,Oui,UAB,5898000,192000,0.0,8,,En cours,10,AUTO
AUTO-2024-410,2024,6,2024-06-13,PRT-0803-BJ,Compacteur,Hitachi,17,Moyen,Borgou,Voirie urbaine Parakou,Sortie de route,Responsable,Matériel léger,Oui,Allianz Bénin,368000,223000,0.0,5,,En cours,1,AUTO
