id_sinistre,annee,mois,date_declaration,code_chantier,nom_chantier,type_travaux,departement,phase_chantier,nature_sinistre,tiers_implique,engin_implique,assureur,montant_declare_fcfa,franchise_fcfa,montant_indemnise_fcfa,delai_declaration_jours,delai_reglement_jours,statut_dossier,responsabilite
TRC-2022-001,2022,4,2022-04-13,CH-003,Route Parakou-N'Dali,Terrassement,Borgou,Gros œuvre,Conduite eau endommagée,SONEB,Pelle hydraulique,NSIA Bénin,1858000,1016000,,8,,En expertise,PORTEO entière
TRC-2022-002,2022,10,2022-10-19,CH-029,Route Covè-Zagnanado,Terrassement,Zou,Gros œuvre,Dommages propriété riveraine,Riverain particulier,Camion benne,UAB,2780000,1208000,,21,,En cours,PORTEO entière
TRC-2022-003,2022,8,2022-08-07,CH-007,Bitumage Natitingou-Tanguiéta,Bitumage,Atacora,Terrassement,Dommages propriété riveraine,Riverain particulier,Chargeur,NSIA Bénin,4284000,984000,2571000.0,20,156.0,Litigieux,PORTEO partielle
TRC-2022-004,2022,1,2022-01-17,CH-013,Pont sur Ouémé à Adjohoun,Ouvrage d'art,Ouémé,Finition,Effondrement de talus,Collectivité locale,Chargeur,NSIA Bénin,17294000,375000,16101000.0,11,45.0,Litigieux,PORTEO partielle
TRC-2022-005,2022,10,2022-10-08,CH-014,Voirie Parakou Zone industrielle,VRD,Borgou,Terrassement,Dommages propriété riveraine,Riverain particulier,Niveleuse,UAB,2637000,682000,1562000.0,6,184.0,Réglé,PORTEO entière
TRC-2022-006,2022,5,2022-05-13,CH-027,RN2 Bohicon-Dassa Réhabilitation,Bitumage,Zou,Gros œuvre,Accident corporel sur chantier,Travailleur / sous-traitant,Niveleuse,NSIA Bénin,10215000,485000,0.0,4,,Refusé,PORTEO partielle
TRC-2022-007,2022,8,2022-08-05,CH-024,VRD Abomey-Calavi Extension,VRD,Atlantique,Gros œuvre,Effondrement de talus,Collectivité locale,Finisseur asphalte,COLINA,17836000,1470000,12040000.0,7,151.0,Réglé,PORTEO partielle
TRC-2022-008,2022,7,2022-07-14,CH-018,RN6 Natitingou-Kérou,Bitumage,Atacora,Terrassement,Effondrement de talus,Collectivité locale,Compacteur,SOBAC,11413000,571000,7610000.0,18,172.0,Réglé,PORTEO partielle
TRC-2022-009,2022,5,2022-05-18,CH-019,Pose réseaux eau Glazoué,Pose réseaux,Collines,Réception,Câble SBEE sectionné,SBEE,Rouleau vibrant,SOBAC,2393000,982000,,4,,En cours,PORTEO entière
TRC-2022-010,2022,4,2022-04-24,CH-017,Assainissement Cotonou Bassin Nokoué,Drainage/assainissement,Littoral,Réception,Dommages aux travaux (pluie),PORTEO BTP (bien propre),Rouleau vibrant,SOBAC,5220000,1235000,2871000.0,4,201.0,Réglé,PORTEO entière
TRC-2022-011,2022,9,2022-09-18,CH-026,Drainage Cotonou-Cadjèhoun,Drainage/assainissement,Littoral,Gros œuvre,Conduite eau endommagée,SONEB,Rouleau vibrant,COLINA,1096000,1384000,0.0,12,161.0,Réglé,PORTEO entière
TRC-2022-012,2022,7,2022-07-26,CH-010,Route Pobè-Kétou,Bitumage,Plateau,Terrassement,Câble SBEE sectionné,SBEE,Camion benne,NSIA Bénin,2398000,1407000,,17,,En cours,PORTEO partielle
TRC-2022-013,2022,8,2022-08-19,CH-002,Voirie urbaine Akpakpa-Fidjrossè,VRD,Littoral,Terrassement,Conduite eau endommagée,SONEB,Camion benne,SAAR-Bénin,1616000,1185000,356000.0,6,77.0,Réglé,PORTEO entière
TRC-2022-014,2022,8,2022-08-09,CH-028,Pose réseaux Parakou Nord,Pose réseaux,Borgou,Gros œuvre,Câble SONEB sectionné,SONEB,Niveleuse,SAAR-Bénin,382000,1025000,0.0,9,213.0,Litigieux,PORTEO entière
TRC-2022-015,2022,7,2022-07-26,CH-017,Assainissement Cotonou Bassin Nokoué,Drainage/assainissement,Littoral,Terrassement,Effondrement de talus,Collectivité locale,Finisseur asphalte,BGFA Bénin,2898000,401000,2354000.0,14,84.0,Réglé,PORTEO partielle
TRC-2022-016,2022,5,2022-05-15,CH-024,VRD Abomey-Calavi Extension,VRD,Atlantique,Terrassement,Conduite eau endommagée,SONEB,Pelle hydraulique,Allianz Bénin,1038000,1181000,0.0,16,238.0,Réglé,PORTEO partielle
TRC-2022-017,2022,6,2022-06-10,CH-016,Route Djougou-Bassila,Terrassement,Donga,Gros œuvre,Dommages propriété riveraine,Riverain particulier,Finisseur asphalte,NSIA Bénin,1719000,939000,689000.0,11,166.0,Réglé,PORTEO entière
TRC-2022-018,2022,11,2022-11-15,CH-013,Pont sur Ouémé à Adjohoun,Ouvrage d'art,Ouémé,Réception,Dommages propriété riveraine,Riverain particulier,Finisseur asphalte,COLINA,3566000,1119000,2297000.0,10,208.0,Réglé,PORTEO entière
TRC-2022-019,2022,6,2022-06-09,CH-026,Drainage Cotonou-Cadjèhoun,Drainage/assainissement,Littoral,Gros œuvre,Câble SONEB sectionné,SONEB,Compacteur,COLINA,665000,769000,,12,,En cours,PORTEO partielle
TRC-2022-020,2022,9,2022-09-06,CH-011,Drainage Bohicon-Abomey,Drainage/assainissement,Zou,Gros œuvre,Conduite eau endommagée,SONEB,Chargeur,Allianz Bénin,650000,1298000,0.0,11,71.0,Réglé,PORTEO partielle
TRC-2022-021,2022,5,2022-05-02,CH-001,RN2 Dassa-Savalou Phase 2,Bitumage,Collines,Terrassement,Conduite eau endommagée,SONEB,Bulldozer,SOBAC,3167000,1013000,,5,,En expertise,PORTEO entière
TRC-2022-022,2022,3,2022-03-20,CH-005,Drainage Abomey-Calavi Nord,Drainage/assainissement,Atlantique,Gros œuvre,Câble SBEE sectionné,SBEE,Bulldozer,SOBAC,2737000,1077000,,7,,En expertise,PORTEO entière
TRC-2022-023,2022,5,2022-05-15,CH-022,Réhabilitation RN1 Ouidah-Hillacondji,Bitumage,Mono,Gros œuvre,Accident corporel sur chantier,Travailleur / sous-traitant,Chargeur,SAAR-Bénin,12059000,1407000,8639000.0,7,215.0,Réglé,PORTEO partielle
TRC-2022-024,2022,10,2022-10-09,CH-025,Route Savalou-Bantè,Terrassement,Collines,Terrassement,Câble SONEB sectionné,SONEB,Rouleau vibrant,Allianz Bénin,500000,1495000,0.0,21,90.0,Réglé,PORTEO entière
TRC-2022-025,2022,6,2022-06-21,CH-016,Route Djougou-Bassila,Terrassement,Donga,Installation chantier,Câble SONEB sectionné,SONEB,Rouleau vibrant,SOBAC,812000,818000,,10,,En cours,PORTEO entière
TRC-2022-026,2022,3,2022-03-03,CH-003,Route Parakou-N'Dali,Terrassement,Borgou,Terrassement,Conduite eau endommagée,SONEB,Pelle hydraulique,NSIA Bénin,1503000,835000,,14,,En expertise,PORTEO entière
TRC-2022-027,2022,5,2022-05-23,CH-011,Drainage Bohicon-Abomey,Drainage/assainissement,Zou,Gros œuvre,Accident corporel sur chantier,Travailleur / sous-traitant,Bulldozer,COLINA,6169000,918000,4346000.0,9,156.0,Litigieux,PORTEO entière
TRC-2022-028,2022,1,2022-01-23,CH-027,RN2 Bohicon-Dassa Réhabilitation,Bitumage,Zou,Terrassement,Dommages propriété riveraine,Riverain particulier,Camion benne,UAB,3689000,942000,0.0,3,,Refusé,PORTEO entière
TRC-2022-029,2022,8,2022-08-21,CH-003,Route Parakou-N'Dali,Terrassement,Borgou,Finition,Câble SBEE sectionné,SBEE,Camion benne,SOBAC,2227000,708000,,8,,En expertise,PORTEO partielle
TRC-2022-030,2022,4,2022-04-02,CH-013,Pont sur Ouémé à Adjohoun,Ouvrage d'art,Ouémé,Terrassement,Conduite eau endommagée,SONEB,Rouleau vibrant,SOBAC,1205000,768000,384000.0,8,169.0,Réglé,PORTEO entière
TRC-2022-031,2022,4,2022-04-07,CH-001,RN2 Dassa-Savalou Phase 2,Bitumage,Collines,Gros œuvre,Dommages propriété riveraine,Riverain particulier,Rouleau vibrant,NSIA Bénin,2155000,887000,1066000.0,3,123.0,Réglé,PORTEO entière
TRC-2022-032,2022,6,2022-06-11,CH-026,Drainage Cotonou-Cadjèhoun,Drainage/assainissement,Littoral,Installation chantier,Dommages propriété riveraine,Riverain particulier,Niveleuse,SOBAC,8309000,554000,,20,,En cours,PORTEO entière
TRC-2022-033,2022,5,2022-05-03,CH-002,Voirie urbaine Akpakpa-Fidjrossè,VRD,Littoral,Installation chantier,Dommages propriété riveraine,Riverain particulier,Niveleuse,NSIA Bénin,2978000,323000,2285000.0,7,107.0,Litigieux,PORTEO partielle
TRC-2022-034,2022,8,2022-08-10,CH-027,RN2 Bohicon-Dassa Réhabilitation,Bitumage,Zou,Installation chantier,Dommages propriété riveraine,Riverain particulier,Compacteur,NSIA Bénin,1677000,505000,1070000.0,8,72.0,Réglé,PORTEO entière
TRC-2022-035,2022,7,2022-07-26,CH-027,RN2 Bohicon-Dassa Réhabilitation,Bitumage,Zou,Gros œuvre,Dommages aux travaux (pluie),PORTEO BTP (bien propre),Niveleuse,SAAR-Bénin,6089000,689000,0.0,8,,Refusé,PORTEO entière
TRC-2022-036,2022,9,2022-09-19,CH-006,RN1 Cotonou-Ouidah Réhabilitation,Bitumage,Atlantique,Terrassement,Câble SBEE sectionné,SBEE,Compacteur,COLINA,1583000,469000,981000.0,3,186.0,Réglé,PORTEO entière
TRC-2022-037,2022,4,2022-04-26,CH-028,Pose réseaux Parakou Nord,Pose réseaux,Borgou,Terrassement,Conduite eau endommagée,SONEB,Pelle hydraulique,Allianz Bénin,1586000,489000,,4,,En expertise,PORTEO entière
TRC-2022-038,2022,9,2022-09-19,CH-029,Route Covè-Zagnanado,Terrassement,Zou,Gros œuvre,Câble SBEE sectionné,SBEE,Rouleau vibrant,UAB,1054000,1251000,0.0,9,81.0,Réglé,PORTEO entière
TRC-2022-039,2022,11,2022-11-20,CH-023,Pont sur Alibori à Kandi,Ouvrage d'art,Alibori,Terrassement,Câble SONEB sectionné,SONEB,Pelle hydraulique,COLINA,528000,900000,0.0,9,122.0,Litigieux,PORTEO entière
TRC-2022-040,2022,5,2022-05-17,CH-004,Pont sur Mono à Lokossa,Ouvrage d'art,Mono,Finition,Conduite eau endommagée,SONEB,Camion benne,NSIA Bénin,1576000,1484000,76000.0,8,205.0,Réglé,PORTEO partielle
TRC-2022-041,2022,3,2022-03-05,CH-022,Réhabilitation RN1 Ouidah-Hillacondji,Bitumage,Mono,Finition,Effondrement de talus,Collectivité locale,Camion benne,Allianz Bénin,11233000,897000,9715000.0,15,58.0,Réglé,PORTEO entière
TRC-2022-042,2022,5,2022-05-20,CH-026,Drainage Cotonou-Cadjèhoun,Drainage/assainissement,Littoral,Installation chantier,Effondrement de talus,Collectivité locale,Rouleau vibrant,COLINA,8223000,425000,6548000.0,5,85.0,Réglé,PORTEO partielle
TRC-2022-043,2022,2,2022-02-08,CH-024,VRD Abomey-Calavi Extension,VRD,Atlantique,Gros œuvre,Câble téléphonique sectionné,Bénin Télécom / MTN,Compacteur,BGFA Bénin,593000,803000,,5,,En cours,PORTEO partielle
TRC-2022-044,2022,6,2022-06-04,CH-008,RN3 Kandi-Ségbana,Terrassement,Alibori,Finition,Dommages propriété riveraine,Riverain particulier,Finisseur asphalte,Allianz Bénin,2542000,751000,1473000.0,8,169.0,Réglé,PORTEO entière
TRC-2022-045,2022,11,2022-11-15,CH-006,RN1 Cotonou-Ouidah Réhabilitation,Bitumage,Atlantique,Terrassement,Câble SBEE sectionné,SBEE,Compacteur,SAAR-Bénin,1374000,1164000,,6,,En cours,Tiers responsable
TRC-2022-046,2022,1,2022-01-19,CH-002,Voirie urbaine Akpakpa-Fidjrossè,VRD,Littoral,Terrassement,Câble SBEE sectionné,SBEE,Niveleuse,BGFA Bénin,2085000,859000,1101000.0,21,101.0,Réglé,PORTEO partielle
TRC-2022-047,2022,11,2022-11-19,CH-018,RN6 Natitingou-Kérou,Bitumage,Atacora,Terrassement,Effondrement de talus,Collectivité locale,Rouleau vibrant,SAAR-Bénin,5809000,1328000,4297000.0,2,196.0,Réglé,PORTEO entière
TRC-2022-048,2022,9,2022-09-24,CH-028,Pose réseaux Parakou Nord,Pose réseaux,Borgou,Terrassement,Câble SONEB sectionné,SONEB,Niveleuse,COLINA,1959000,995000,,2,,En expertise,PORTEO entière
TRC-2022-049,2022,7,2022-07-02,CH-002,Voirie urbaine Akpakpa-Fidjrossè,VRD,Littoral,Gros œuvre,Dommages aux travaux (pluie),PORTEO BTP (bien propre),Rouleau vibrant,UAB,4679000,905000,3029000.0,9,223.0,Réglé,PORTEO partielle
TRC-2022-050,2022,2,2022-02-25,CH-001,RN2 Dassa-Savalou Phase 2,Bitumage,Collines,Installation chantier,Dommages propriété riveraine,Riverain particulier,Camion benne,Allianz Bénin,1138000,562000,439000.0,16,68.0,Réglé,PORTEO entière
TRC-2022-051,2022,10,2022-10-24,CH-019,Pose réseaux eau Glazoué,Pose réseaux,Collines,Installation chantier,Câble SONEB sectionné,SONEB,Chargeur,SOBAC,1309000,1226000,,16,,En expertise,PORTEO entière
TRC-2022-052,2022,9,2022-09-01,CH-028,Pose réseaux Parakou Nord,Pose réseaux,Borgou,Terrassement,Conduite eau endommagée,SONEB,Compacteur,BGFA Bénin,1144000,1129000,12000.0,4,237.0,Réglé,PORTEO entière
TRC-2022-053,2022,8,2022-08-11,CH-024,VRD Abomey-Calavi Extension,VRD,Atlantique,Installation chantier,Accident corporel sur chantier,Travailleur / sous-traitant,Pelle hydraulique,SAAR-Bénin,8007000,1392000,4719000.0,13,143.0,Réglé,PORTEO entière
TRC-2022-054,2022,4,2022-04-18,CH-023,Pont sur Alibori à Kandi,Ouvrage d'art,Alibori,Gros œuvre,Câble SONEB sectionné,SONEB,Bulldozer,SOBAC,1534000,546000,0.0,17,,Refusé,PORTEO entière
TRC-2022-055,2022,9,2022-09-25,CH-019,Pose réseaux eau Glazoué,Pose réseaux,Collines,Gros œuvre,Effondrement de talus,Collectivité locale,Camion benne,COLINA,13194000,1204000,,15,,En cours,PORTEO entière
TRC-2022-056,2022,5,2022-05-03,CH-012,RN7 Lokossa-Athiémé,Terrassement,Mono,Installation chantier,Câble SBEE sectionné,SBEE,Camion benne,UAB,5171000,932000,3750000.0,21,218.0,Réglé,PORTEO partielle
TRC-2023-057,2023,10,2023-10-23,CH-026,Drainage Cotonou-Cadjèhoun,Drainage/assainissement,Littoral,Finition,Incendie de matériel,PORTEO BTP (bien propre),Finisseur asphalte,Allianz Bénin,13809000,526000,,11,,En expertise,PORTEO entière
TRC-2023-058,2023,11,2023-11-03,CH-004,Pont sur Mono à Lokossa,Ouvrage d'art,Mono,Terrassement,Câble SONEB sectionné,SONEB,Finisseur asphalte,SOBAC,924000,478000,336000.0,19,205.0,Réglé,PORTEO entière
TRC-2023-059,2023,11,2023-11-16,CH-012,RN7 Lokossa-Athiémé,Terrassement,Mono,Gros œuvre,Câble SBEE sectionné,SBEE,Chargeur,UAB,3718000,326000,2394000.0,20,104.0,Réglé,PORTEO partielle
TRC-2023-060,2023,6,2023-06-21,CH-026,Drainage Cotonou-Cadjèhoun,Drainage/assainissement,Littoral,Gros œuvre,Câble SBEE sectionné,SBEE,Camion benne,COLINA,5299000,1136000,,6,,En expertise,PORTEO entière
TRC-2023-061,2023,11,2023-11-10,CH-006,RN1 Cotonou-Ouidah Réhabilitation,Bitumage,Atlantique,Terrassement,Dommages propriété riveraine,Riverain particulier,Rouleau vibrant,Allianz Bénin,2305000,746000,1434000.0,21,82.0,Réglé,PORTEO entière
TRC-2023-062,2023,11,2023-11-23,CH-018,RN6 Natitingou-Kérou,Bitumage,Atacora,Réception,Câble SBEE sectionné,SBEE,Niveleuse,Allianz Bénin,2798000,1307000,,9,,En cours,PORTEO partielle
TRC-2023-063,2023,3,2023-03-11,CH-019,Pose réseaux eau Glazoué,Pose réseaux,Collines,Terrassement,Câble SONEB sectionné,SONEB,Niveleuse,SAAR-Bénin,596000,521000,53000.0,16,126.0,Réglé,Tiers responsable
TRC-2023-064,2023,7,2023-07-06,CH-018,RN6 Natitingou-Kérou,Bitumage,Atacora,Finition,Câble SBEE sectionné,SBEE,Niveleuse,NSIA Bénin,1605000,785000,605000.0,19,162.0,Réglé,Tiers responsable
TRC-2023-065,2023,12,2023-12-11,CH-021,Route Malanville-Karimama,Terrassement,Alibori,Installation chantier,Dommages propriété riveraine,Riverain particulier,Rouleau vibrant,SAAR-Bénin,4690000,648000,3860000.0,5,191.0,Litigieux,PORTEO partielle
TRC-2023-066,2023,9,2023-09-02,CH-005,Drainage Abomey-Calavi Nord,Drainage/assainissement,Atlantique,Terrassement,Dommages propriété riveraine,Riverain particulier,Chargeur,NSIA Bénin,6325000,330000,,12,,En cours,PORTEO entière
TRC-2023-067,2023,2,2023-02-21,CH-007,Bitumage Natitingou-Tanguiéta,Bitumage,Atacora,Terrassement,Conduite eau endommagée,SONEB,Bulldozer,COLINA,1359000,1423000,0.0,14,182.0,Réglé,PORTEO partielle
TRC-2023-068,2023,5,2023-05-11,CH-020,Voirie Allada-Tori,VRD,Atlantique,Finition,Conduite eau endommagée,SONEB,Chargeur,NSIA Bénin,2456000,1390000,787000.0,11,154.0,Réglé,PORTEO entière
TRC-2023-069,2023,6,2023-06-10,CH-015,RN2 Savè-Parakou Entretien,Bitumage,Collines,Terrassement,Effondrement de talus,Collectivité locale,Finisseur asphalte,SOBAC,9130000,1173000,7623000.0,15,158.0,Réglé,PORTEO entière
TRC-2023-070,2023,4,2023-04-19,CH-020,Voirie Allada-Tori,VRD,Atlantique,Terrassement,Câble SONEB sectionné,SONEB,Bulldozer,COLINA,768000,870000,,14,,En expertise,Tiers responsable
TRC-2023-071,2023,3,2023-03-14,CH-021,Route Malanville-Karimama,Terrassement,Alibori,Installation chantier,Accident corporel sur chantier,Travailleur / sous-traitant,Niveleuse,Allianz Bénin,14174000,967000,,7,,En cours,PORTEO partielle
TRC-2023-072,2023,10,2023-10-10,CH-018,RN6 Natitingou-Kérou,Bitumage,Atacora,Gros œuvre,Câble téléphonique sectionné,Bénin Télécom / MTN,Pelle hydraulique,BGFA Bénin,1474000,662000,673000.0,2,234.0,Réglé,PORTEO entière
TRC-2023-073,2023,4,2023-04-10,CH-021,Route Malanville-Karimama,Terrassement,Alibori,Installation chantier,Effondrement de talus,Collectivité locale,Rouleau vibrant,SOBAC,7337000,1085000,,9,,En expertise,PORTEO entière
TRC-2023-074,2023,1,2023-01-25,CH-009,VRD Porto-Novo Centre,VRD,Ouémé,Réception,Câble téléphonique sectionné,Bénin Télécom / MTN,Rouleau vibrant,SOBAC,1495000,1019000,393000.0,5,156.0,Réglé,PORTEO partielle
TRC-2023-075,2023,6,2023-06-24,CH-019,Pose réseaux eau Glazoué,Pose réseaux,Collines,Terrassement,Câble SONEB sectionné,SONEB,Niveleuse,NSIA Bénin,300000,998000,0.0,10,222.0,Réglé,PORTEO entière
TRC-2023-076,2023,6,2023-06-21,CH-030,Voirie Kétou-Pobè Extension,VRD,Plateau,Terrassement,Accident corporel sur chantier,Travailleur / sous-traitant,Compacteur,BGFA Bénin,18259000,650000,,7,,En cours,PORTEO entière
TRC-2023-077,2023,9,2023-09-20,CH-025,Route Savalou-Bantè,Terrassement,Collines,Terrassement,Câble SONEB sectionné,SONEB,Camion benne,SOBAC,1149000,679000,,13,,En expertise,PORTEO partielle
TRC-2023-078,2023,3,2023-03-19,CH-012,RN7 Lokossa-Athiémé,Terrassement,Mono,Terrassement,Effondrement de talus,Collectivité locale,Niveleuse,NSIA Bénin,6349000,922000,4483000.0,8,132.0,Réglé,Tiers responsable
TRC-2023-079,2023,4,2023-04-08,CH-027,RN2 Bohicon-Dassa Réhabilitation,Bitumage,Zou,Finition,Câble SONEB sectionné,SONEB,Bulldozer,UAB,1152000,1036000,,16,,En expertise,PORTEO entière
TRC-2023-080,2023,11,2023-11-04,CH-027,RN2 Bohicon-Dassa Réhabilitation,Bitumage,Zou,Terrassement,Câble SONEB sectionné,SONEB,Rouleau vibrant,COLINA,367000,718000,,18,,En cours,PORTEO entière
TRC-2023-081,2023,9,2023-09-11,CH-006,RN1 Cotonou-Ouidah Réhabilitation,Bitumage,Atlantique,Terrassement,Dommages propriété riveraine,Riverain particulier,Camion benne,Allianz Bénin,2659000,1277000,1275000.0,8,81.0,Réglé,PORTEO partielle
TRC-2023-082,2023,4,2023-04-03,CH-014,Voirie Parakou Zone industrielle,VRD,Borgou,Gros œuvre,Dommages propriété riveraine,Riverain particulier,Pelle hydraulique,Allianz Bénin,3651000,393000,,5,,En cours,PORTEO partielle
TRC-2023-083,2023,1,2023-01-22,CH-017,Assainissement Cotonou Bassin Nokoué,Drainage/assainissement,Littoral,Installation chantier,Conduite eau endommagée,SONEB,Bulldozer,COLINA,3188000,1390000,1400000.0,8,47.0,Réglé,PORTEO partielle
TRC-2023-084,2023,8,2023-08-07,CH-006,RN1 Cotonou-Ouidah Réhabilitation,Bitumage,Atlantique,Terrassement,Dommages propriété riveraine,Riverain particulier,Chargeur,SAAR-Bénin,2256000,475000,,7,,En cours,PORTEO entière
TRC-2023-085,2023,10,2023-10-25,CH-024,VRD Abomey-Calavi Extension,VRD,Atlantique,Installation chantier,Conduite eau endommagée,SONEB,Compacteur,SOBAC,907000,382000,,8,,En expertise,PORTEO partielle
TRC-2023-086,2023,12,2023-12-06,CH-029,Route Covè-Zagnanado,Terrassement,Zou,Terrassement,Dommages propriété riveraine,Riverain particulier,Niveleuse,UAB,2277000,1170000,1040000.0,5,226.0,Litigieux,PORTEO entière
TRC-2023-087,2023,5,2023-05-12,CH-013,Pont sur Ouémé à Adjohoun,Ouvrage d'art,Ouémé,Installation chantier,Câble SBEE sectionné,SBEE,Rouleau vibrant,NSIA Bénin,5126000,789000,,18,,En cours,PORTEO entière
TRC-2023-088,2023,4,2023-04-25,CH-012,RN7 Lokossa-Athiémé,Terrassement,Mono,Gros œuvre,Dommages propriété riveraine,Riverain particulier,Camion benne,SOBAC,3595000,349000,2370000.0,16,117.0,Réglé,PORTEO entière
TRC-2023-089,2023,5,2023-05-14,CH-010,Route Pobè-Kétou,Bitumage,Plateau,Installation chantier,Dommages aux travaux (pluie),PORTEO BTP (bien propre),Chargeur,Allianz Bénin,2894000,1328000,,2,,En expertise,PORTEO partielle
TRC-2023-090,2023,12,2023-12-16,CH-022,Réhabilitation RN1 Ouidah-Hillacondji,Bitumage,Mono,Installation chantier,Câble SONEB sectionné,SONEB,Bulldozer,SOBAC,1453000,1090000,268000.0,7,147.0,Réglé,PORTEO partielle
TRC-2023-091,2023,2,2023-02-07,CH-011,Drainage Bohicon-Abomey,Drainage/assainissement,Zou,Gros œuvre,Câble SONEB sectionné,SONEB,Camion benne,BGFA Bénin,1156000,785000,301000.0,14,172.0,Réglé,PORTEO entière
TRC-2023-092,2023,6,2023-06-22,CH-020,Voirie Allada-Tori,VRD,Atlantique,Réception,Accident corporel sur chantier,Travailleur / sous-traitant,Rouleau vibrant,Allianz Bénin,19794000,914000,15448000.0,6,76.0,Réglé,PORTEO entière
TRC-2023-093,2023,1,2023-01-24,CH-002,Voirie urbaine Akpakpa-Fidjrossè,VRD,Littoral,Installation chantier,Effondrement de talus,Collectivité locale,Bulldozer,BGFA Bénin,5086000,332000,4075000.0,4,128.0,Réglé,PORTEO entière
TRC-2023-094,2023,8,2023-08-17,CH-025,Route Savalou-Bantè,Terrassement,Collines,Installation chantier,Câble téléphonique sectionné,Bénin Télécom / MTN,Pelle hydraulique,BGFA Bénin,528000,652000,0.0,3,183.0,Réglé,PORTEO entière
TRC-2023-095,2023,12,2023-12-04,CH-013,Pont sur Ouémé à Adjohoun,Ouvrage d'art,Ouémé,Finition,Câble téléphonique sectionné,Bénin Télécom / MTN,Camion benne,SOBAC,510000,831000,0.0,7,213.0,Réglé,PORTEO partielle
TRC-2023-096,2023,7,2023-07-05,CH-010,Route Pobè-Kétou,Bitumage,Plateau,Installation chantier,Dommages propriété riveraine,Riverain particulier,Rouleau vibrant,UAB,1341000,431000,,19,,En cours,PORTEO partielle
TRC-2023-097,2023,10,2023-10-17,CH-002,Voirie urbaine Akpakpa-Fidjrossè,VRD,Littoral,Installation chantier,Câble SBEE sectionné,SBEE,Camion benne,SAAR-Bénin,3646000,1465000,,3,,En cours,PORTEO entière
TRC-2023-098,2023,1,2023-01-02,CH-005,Drainage Abomey-Calavi Nord,Drainage/assainissement,Atlantique,Terrassement,Effondrement de talus,Collectivité locale,Finisseur asphalte,SAAR-Bénin,8639000,1190000,6941000.0,13,132.0,Réglé,PORTEO entière
TRC-2023-099,2023,6,2023-06-02,CH-022,Réhabilitation RN1 Ouidah-Hillacondji,Bitumage,Mono,Terrassement,Câble SONEB sectionné,SONEB,Niveleuse,NSIA Bénin,1099000,675000,373000.0,19,123.0,Réglé,PORTEO entière
TRC-2023-100,2023,6,2023-06-15,CH-022,Réhabilitation RN1 Ouidah-Hillacondji,Bitumage,Mono,Gros œuvre,Effondrement de talus,Collectivité locale,Chargeur,UAB,6577000,1382000,4577000.0,20,195.0,Réglé,PORTEO entière
TRC-2023-101,2023,6,2023-06-19,CH-004,Pont sur Mono à Lokossa,Ouvrage d'art,Mono,Terrassement,Dommages propriété riveraine,Riverain particulier,Niveleuse,COLINA,1377000,1110000,222000.0,11,240.0,Réglé,PORTEO partielle
TRC-2023-102,2023,6,2023-06-14,CH-007,Bitumage Natitingou-Tanguiéta,Bitumage,Atacora,Gros œuvre,Câble téléphonique sectionné,Bénin Télécom / MTN,Camion benne,SAAR-Bénin,502000,1245000,,3,,En expertise,PORTEO entière
TRC-2023-103,2023,6,2023-06-19,CH-013,Pont sur Ouémé à Adjohoun,Ouvrage d'art,Ouémé,Gros œuvre,Dommages propriété riveraine,Riverain particulier,Chargeur,SAAR-Bénin,2485000,1450000,,4,,En cours,PORTEO entière
TRC-2023-104,2023,8,2023-08-17,CH-016,Route Djougou-Bassila,Terrassement,Donga,Terrassement,Câble SBEE sectionné,SBEE,Camion benne,UAB,1993000,392000,,19,,En expertise,PORTEO entière
TRC-2023-105,2023,6,2023-06-14,CH-013,Pont sur Ouémé à Adjohoun,Ouvrage d'art,Ouémé,Installation chantier,Câble SONEB sectionné,SONEB,Niveleuse,COLINA,1002000,1106000,0.0,17,205.0,Réglé,PORTEO partielle
TRC-2023-106,2023,5,2023-05-27,CH-024,VRD Abomey-Calavi Extension,VRD,Atlantique,Terrassement,Accident corporel sur chantier,Travailleur / sous-traitant,Finisseur asphalte,COLINA,14510000,1066000,,3,,En expertise,PORTEO partielle
TRC-2023-107,2023,7,2023-07-12,CH-015,RN2 Savè-Parakou Entretien,Bitumage,Collines,Terrassement,Câble SONEB sectionné,SONEB,Bulldozer,SOBAC,3091000,1122000,1601000.0,8,126.0,Réglé,PORTEO partielle
TRC-2023-108,2023,10,2023-10-09,CH-027,RN2 Bohicon-Dassa Réhabilitation,Bitumage,Zou,Terrassement,Câble SBEE sectionné,SBEE,Compacteur,BGFA Bénin,3411000,1124000,1743000.0,11,83.0,Réglé,PORTEO entière
TRC-2023-109,2023,7,2023-07-18,CH-014,Voirie Parakou Zone industrielle,VRD,Borgou,Finition,Câble SBEE sectionné,SBEE,Niveleuse,SOBAC,3570000,542000,2143000.0,3,116.0,Réglé,PORTEO partielle
TRC-2024-110,2024,10,2024-10-02,CH-028,Pose réseaux Parakou Nord,Pose réseaux,Borgou,Terrassement,Effondrement de talus,Collectivité locale,Bulldozer,UAB,7183000,658000,6188000.0,6,138.0,Réglé,PORTEO partielle
TRC-2024-111,2024,5,2024-05-19,CH-024,VRD Abomey-Calavi Extension,VRD,Atlantique,Terrassement,Câble téléphonique sectionné,Bénin Télécom / MTN,Bulldozer,Allianz Bénin,220000,1097000,0.0,21,179.0,Réglé,PORTEO entière
TRC-2024-112,2024,3,2024-03-26,CH-011,Drainage Bohicon-Abomey,Drainage/assainissement,Zou,Gros œuvre,Câble SBEE sectionné,SBEE,Finisseur asphalte,Allianz Bénin,3054000,768000,,6,,En cours,PORTEO entière
TRC-2024-113,2024,3,2024-03-07,CH-009,VRD Porto-Novo Centre,VRD,Ouémé,Terrassement,Câble téléphonique sectionné,Bénin Télécom / MTN,Finisseur asphalte,UAB,654000,1007000,0.0,9,73.0,Réglé,PORTEO entière
TRC-2024-114,2024,12,2024-12-26,CH-030,Voirie Kétou-Pobè Extension,VRD,Plateau,Installation chantier,Câble SONEB sectionné,SONEB,Pelle hydraulique,SOBAC,4000000,741000,2828000.0,9,200.0,Réglé,PORTEO entière
TRC-2024-115,2024,5,2024-05-13,CH-010,Route Pobè-Kétou,Bitumage,Plateau,Gros œuvre,Conduite eau endommagée,SONEB,Compacteur,BGFA Bénin,1272000,1384000,,16,,En cours,PORTEO entière
TRC-2024-116,2024,6,2024-06-13,CH-030,Voirie Kétou-Pobè Extension,VRD,Plateau,Terrassement,Incendie de matériel,PORTEO BTP (bien propre),Compacteur,BGFA Bénin,25861000,408000,,7,,En expertise,PORTEO entière
TRC-2024-117,2024,11,2024-11-21,CH-011,Drainage Bohicon-Abomey,Drainage/assainissement,Zou,Gros œuvre,Effondrement de talus,Collectivité locale,Finisseur asphalte,BGFA Bénin,7342000,788000,6064000.0,12,170.0,Réglé,PORTEO entière
TRC-2024-118,2024,9,2024-09-27,CH-004,Pont sur Mono à Lokossa,Ouvrage d'art,Mono,Gros œuvre,Effondrement de talus,Collectivité locale,Rouleau vibrant,SOBAC,3935000,908000,2593000.0,2,185.0,Réglé,PORTEO partielle
TRC-2024-119,2024,9,2024-09-21,CH-021,Route Malanville-Karimama,Terrassement,Alibori,Installation chantier,Câble SONEB sectionné,SONEB,Bulldozer,NSIA Bénin,2054000,1069000,741000.0,7,123.0,Réglé,PORTEO entière
TRC-2024-120,2024,5,2024-05-23,CH-025,Route Savalou-Bantè,Terrassement,Collines,Gros œuvre,Effondrement de talus,Collectivité locale,Chargeur,UAB,11316000,1316000,,17,,En cours,PORTEO partielle
TRC-2024-121,2024,10,2024-10-05,CH-009,VRD Porto-Novo Centre,VRD,Ouémé,Gros œuvre,Câble SONEB sectionné,SONEB,Finisseur asphalte,BGFA Bénin,1693000,693000,722000.0,20,139.0,Réglé,PORTEO entière
TRC-2024-122,2024,5,2024-05-01,CH-030,Voirie Kétou-Pobè Extension,VRD,Plateau,Gros œuvre,Conduite eau endommagée,SONEB,Niveleuse,NSIA Bénin,858000,574000,233000.0,14,112.0,Réglé,PORTEO partielle
TRC-2024-123,2024,8,2024-08-20,CH-009,VRD Porto-Novo Centre,VRD,Ouémé,Réception,Câble SONEB sectionné,SONEB,Rouleau vibrant,BGFA Bénin,2370000,504000,1313000.0,17,179.0,Réglé,PORTEO entière
TRC-2024-124,2024,3,2024-03-23,CH-007,Bitumage Natitingou-Tanguiéta,Bitumage,Atacora,Finition,Câble SONEB sectionné,SONEB,Compacteur,COLINA,507000,1239000,0.0,8,78.0,Réglé,PORTEO entière
TRC-2024-125,2024,12,2024-12-10,CH-024,VRD Abomey-Calavi Extension,VRD,Atlantique,Installation chantier,Dommages propriété riveraine,Riverain particulier,Rouleau vibrant,Allianz Bénin,4143000,790000,2600000.0,13,112.0,Réglé,PORTEO entière
TRC-2024-126,2024,8,2024-08-21,CH-015,RN2 Savè-Parakou Entretien,Bitumage,Collines,Installation chantier,Câble SONEB sectionné,SONEB,Compacteur,SOBAC,3654000,1346000,0.0,14,,Refusé,PORTEO entière
TRC-2024-127,2024,9,2024-09-24,CH-020,Voirie Allada-Tori,VRD,Atlantique,Terrassement,Câble SONEB sectionné,SONEB,Pelle hydraulique,NSIA Bénin,635000,371000,201000.0,10,135.0,Réglé,Tiers responsable
TRC-2024-128,2024,7,2024-07-13,CH-010,Route Pobè-Kétou,Bitumage,Plateau,Gros œuvre,Incendie de matériel,PORTEO BTP (bien propre),Niveleuse,SAAR-Bénin,16046000,459000,,7,,En expertise,PORTEO entière
TRC-2024-129,2024,7,2024-07-11,CH-029,Route Covè-Zagnanado,Terrassement,Zou,Terrassement,Câble téléphonique sectionné,Bénin Télécom / MTN,Niveleuse,UAB,668000,1152000,0.0,10,125.0,Réglé,PORTEO entière
TRC-2024-130,2024,9,2024-09-14,CH-010,Route Pobè-Kétou,Bitumage,Plateau,Terrassement,Accident corporel sur chantier,Travailleur / sous-traitant,Chargeur,SOBAC,8809000,1296000,6269000.0,17,156.0,Litigieux,PORTEO partielle
TRC-2024-131,2024,9,2024-09-05,CH-018,RN6 Natitingou-Kérou,Bitumage,Atacora,Gros œuvre,Effondrement de talus,Collectivité locale,Rouleau vibrant,SAAR-Bénin,3189000,1258000,1426000.0,7,103.0,Réglé,PORTEO entière
TRC-2024-132,2024,9,2024-09-14,CH-004,Pont sur Mono à Lokossa,Ouvrage d'art,Mono,Finition,Dommages aux travaux (pluie),PORTEO BTP (bien propre),Bulldozer,BGFA Bénin,4022000,349000,3248000.0,6,169.0,Réglé,PORTEO entière
TRC-2024-133,2024,3,2024-03-03,CH-007,Bitumage Natitingou-Tanguiéta,Bitumage,Atacora,Terrassement,Effondrement de talus,Collectivité locale,Pelle hydraulique,COLINA,4172000,502000,2829000.0,20,214.0,Réglé,PORTEO entière
TRC-2024-134,2024,5,2024-05-03,CH-008,RN3 Kandi-Ségbana,Terrassement,Alibori,Gros œuvre,Dommages propriété riveraine,Riverain particulier,Chargeur,COLINA,3893000,1365000,2217000.0,5,219.0,Réglé,PORTEO entière
TRC-2024-135,2024,10,2024-10-05,CH-001,RN2 Dassa-Savalou Phase 2,Bitumage,Collines,Gros œuvre,Câble SONEB sectionné,SONEB,Chargeur,NSIA Bénin,661000,1091000,0.0,21,197.0,Réglé,PORTEO partielle
TRC-2024-136,2024,11,2024-11-11,CH-024,VRD Abomey-Calavi Extension,VRD,Atlantique,Finition,Dommages aux travaux (pluie),PORTEO BTP (bien propre),Pelle hydraulique,SOBAC,9084000,1256000,7237000.0,4,209.0,Réglé,PORTEO entière
TRC-2024-137,2024,8,2024-08-20,CH-013,Pont sur Ouémé à Adjohoun,Ouvrage d'art,Ouémé,Terrassement,Câble SONEB sectionné,SONEB,Pelle hydraulique,BGFA Bénin,712000,588000,,8,,En cours,PORTEO entière
TRC-2024-138,2024,4,2024-04-25,CH-013,Pont sur Ouémé à Adjohoun,Ouvrage d'art,Ouémé,Gros œuvre,Câble SBEE sectionné,SBEE,Camion benne,SOBAC,2595000,1085000,1250000.0,21,155.0,Réglé,PORTEO partielle
TRC-2024-139,2024,4,2024-04-22,CH-004,Pont sur Mono à Lokossa,Ouvrage d'art,Mono,Installation chantier,Effondrement de talus,Collectivité locale,Finisseur asphalte,NSIA Bénin,11706000,888000,,15,,En expertise,PORTEO entière
TRC-2024-140,2024,10,2024-10-20,CH-006,RN1 Cotonou-Ouidah Réhabilitation,Bitumage,Atlantique,Installation chantier,Câble téléphonique sectionné,Bénin Télécom / MTN,Niveleuse,UAB,321000,349000,0.0,18,102.0,Réglé,PORTEO entière
TRC-2024-141,2024,8,2024-08-17,CH-003,Route Parakou-N'Dali,Terrassement,Borgou,Installation chantier,Câble SBEE sectionné,SBEE,Camion benne,BGFA Bénin,3511000,1389000,1567000.0,9,77.0,Réglé,PORTEO partielle
TRC-2024-142,2024,7,2024-07-10,CH-019,Pose réseaux eau Glazoué,Pose réseaux,Collines,Terrassement,Câble SONEB sectionné,SONEB,Camion benne,SAAR-Bénin,2248000,354000,1535000.0,10,69.0,Réglé,PORTEO entière
TRC-2024-143,2024,8,2024-08-25,CH-017,Assainissement Cotonou Bassin Nokoué,Drainage/assainissement,Littoral,Gros œuvre,Câble SONEB sectionné,SONEB,Pelle hydraulique,NSIA Bénin,453000,855000,,15,,En cours,PORTEO partielle
TRC-2024-144,2024,10,2024-10-10,CH-011,Drainage Bohicon-Abomey,Drainage/assainissement,Zou,Installation chantier,Conduite eau endommagée,SONEB,Niveleuse,Allianz Bénin,1565000,1104000,,7,,En cours,PORTEO entière
TRC-2024-145,2024,2,2024-02-20,CH-009,VRD Porto-Novo Centre,VRD,Ouémé,Terrassement,Effondrement de talus,Collectivité locale,Rouleau vibrant,SOBAC,8633000,941000,5618000.0,14,88.0,Réglé,PORTEO partielle
TRC-2024-146,2024,10,2024-10-24,CH-020,Voirie Allada-Tori,VRD,Atlantique,Terrassement,Dommages propriété riveraine,Riverain particulier,Finisseur asphalte,BGFA Bénin,4612000,1276000,,11,,En cours,PORTEO partielle
TRC-2024-147,2024,3,2024-03-05,CH-001,RN2 Dassa-Savalou Phase 2,Bitumage,Collines,Gros œuvre,Câble SONEB sectionné,SONEB,Compacteur,UAB,555000,1135000,0.0,19,168.0,Réglé,PORTEO entière
TRC-2024-148,2024,5,2024-05-10,CH-025,Route Savalou-Bantè,Terrassement,Collines,Installation chantier,Câble téléphonique sectionné,Bénin Télécom / MTN,Rouleau vibrant,UAB,306000,326000,0.0,2,224.0,Réglé,PORTEO entière
TRC-2024-149,2024,10,2024-10-19,CH-008,RN3 Kandi-Ségbana,Terrassement,Alibori,Gros œuvre,Câble SONEB sectionné,SONEB,Finisseur asphalte,UAB,1460000,1301000,112000.0,17,206.0,Réglé,PORTEO partielle
TRC-2024-150,2024,9,2024-09-20,CH-024,VRD Abomey-Calavi Extension,VRD,Atlantique,Terrassement,Conduite eau endommagée,SONEB,Rouleau vibrant,Allianz Bénin,1665000,885000,666000.0,3,201.0,Réglé,Tiers responsable
TRC-2024-151,2024,7,2024-07-14,CH-019,Pose réseaux eau Glazoué,Pose réseaux,Collines,Terrassement,Câble SBEE sectionné,SBEE,Chargeur,UAB,3556000,1371000,1798000.0,15,171.0,Réglé,PORTEO entière
TRC-2024-152,2024,1,2024-01-10,CH-024,VRD Abomey-Calavi Extension,VRD,Atlantique,Terrassement,Câble SONEB sectionné,SONEB,Rouleau vibrant,Allianz Bénin,1325000,579000,699000.0,11,131.0,Réglé,Tiers responsable
TRC-2024-153,2024,9,2024-09-13,CH-014,Voirie Parakou Zone industrielle,VRD,Borgou,Gros œuvre,Effondrement de talus,Collectivité locale,Niveleuse,COLINA,5148000,1182000,,8,,En cours,PORTEO partielle
TRC-2024-154,2024,5,2024-05-24,CH-003,Route Parakou-N'Dali,Terrassement,Borgou,Terrassement,Conduite eau endommagée,SONEB,Finisseur asphalte,UAB,1607000,539000,,11,,En cours,PORTEO entière
TRC-2024-155,2024,5,2024-05-18,CH-002,Voirie urbaine Akpakpa-Fidjrossè,VRD,Littoral,Terrassement,Dommages aux travaux (pluie),PORTEO BTP (bien propre),Pelle hydraulique,BGFA Bénin,4550000,613000,,4,,En cours,PORTEO entière
TRC-2024-156,2024,6,2024-06-04,CH-020,Voirie Allada-Tori,VRD,Atlantique,Gros œuvre,Câble SONEB sectionné,SONEB,Pelle hydraulique,BGFA Bénin,740000,884000,0.0,19,,Refusé,PORTEO partielle
TRC-2024-157,2024,5,2024-05-05,CH-028,Pose réseaux Parakou Nord,Pose réseaux,Borgou,Installation chantier,Dommages propriété riveraine,Riverain particulier,Rouleau vibrant,BGFA Bénin,8371000,1103000,,16,,En cours,Tiers responsable
TRC-2024-158,2024,12,2024-12-25,CH-004,Pont sur Mono à Lokossa,Ouvrage d'art,Mono,Gros œuvre,Incendie de matériel,PORTEO BTP (bien propre),Pelle hydraulique,COLINA,28432000,1032000,,5,,En expertise,PORTEO entière
TRC-2024-159,2024,4,2024-04-04,CH-028,Pose réseaux Parakou Nord,Pose réseaux,Borgou,Terrassement,Câble SONEB sectionné,SONEB,Rouleau vibrant,SOBAC,569000,1174000,,5,,En cours,PORTEO partielle
TRC-2024-160,2024,4,2024-04-12,CH-011,Drainage Bohicon-Abomey,Drainage/assainissement,Zou,Terrassement,Dommages propriété riveraine,Riverain particulier,Rouleau vibrant,SAAR-Bénin,4305000,542000,3387000.0,11,46.0,Litigieux,PORTEO entière
TRC-2024-161,2024,7,2024-07-03,CH-009,VRD Porto-Novo Centre,VRD,Ouémé,Gros œuvre,Câble SBEE sectionné,SBEE,Finisseur asphalte,BGFA Bénin,1813000,733000,,9,,En cours,PORTEO entière
TRC-2024-162,2024,4,2024-04-14,CH-014,Voirie Parakou Zone industrielle,VRD,Borgou,Finition,Accident corporel sur chantier,Travailleur / sous-traitant,Pelle hydraulique,SOBAC,17913000,1442000,14451000.0,18,52.0,Réglé,PORTEO entière
TRC-2024-163,2024,11,2024-11-03,CH-011,Drainage Bohicon-Abomey,Drainage/assainissement,Zou,Réception,Câble SBEE sectionné,SBEE,Niveleuse,COLINA,5860000,497000,4813000.0,3,214.0,Réglé,Tiers responsable
TRC-2024-164,2024,12,2024-12-23,CH-026,Drainage Cotonou-Cadjèhoun,Drainage/assainissement,Littoral,Installation chantier,Conduite eau endommagée,SONEB,Chargeur,SAAR-Bénin,901000,655000,216000.0,2,186.0,Réglé,PORTEO partielle
TRC-2024-165,2024,10,2024-10-17,CH-020,Voirie Allada-Tori,VRD,Atlantique,Gros œuvre,Accident corporel sur chantier,Travailleur / sous-traitant,Chargeur,BGFA Bénin,19737000,835000,15907000.0,14,203.0,Réglé,PORTEO partielle
TRC-2024-166,2024,9,2024-09-10,CH-003,Route Parakou-N'Dali,Terrassement,Borgou,Terrassement,Câble SONEB sectionné,SONEB,Camion benne,Allianz Bénin,1375000,1170000,,4,,En cours,PORTEO entière
